stty: 'standard input': Inappropriate ioctl for device
/home2/guilherme.mendonca/.profile: line 44: mesg: command not found
cdo    remapcon: YAC first order conservative weights from lonlat (3601x1801) to lonlat (1440x721) grid
stty: 'standard input': Inappropriate ioctl for device
/home2/guilherme.mendonca/.profile: line 44: mesg: command not found
cdo    remapcon: YAC first order conservative weights from lonlat (3601x1801) to lonlat (1440x721) grid
stty: 'standard input': Inappropriate ioctl for device
/home2/guilherme.mendonca/.profile: line 44: mesg: command not found
cdo    remapcon: YAC first order conservative weights from lonlat (3601x1801) to lonlat (1440x721) grid
stty: 'standard input': Inappropriate ioctl for device
/home2/guilherme.mendonca/.profile: line 44: mesg: command not found
cdo    remapcon: YAC first order conservative weights from lonlat (3601x1801) to lonlat (1440x721) grid
stty: 'standard input': Inappropriate ioctl for device
/home2/guilherme.mendonca/.profile: line 44: mesg: command not found
cdo    remapcon: YAC first order conservative weights from lonlat (3601x1801) to lonlat (1440x721) grid
stty: 'standard input': Inappropriate ioctl for device
/home2/guilherme.mendonca/.profile: line 44: mesg: command not found
cdo    remapcon: YAC first order conservative weights from lonlat (3601x1801) to lonlat (1440x721) grid
stty: 'standard input': Inappropriate ioctl for device
/home2/guilherme.mendonca/.profile: line 44: mesg: command not found
cdo    remapcon: YAC first order conservative weights from lonlat (3601x1801) to lonlat (1440x721) grid
stty: 'standard input': Inappropriate ioctl for device
/home2/guilherme.mendonca/.profile: line 44: mesg: command not found
cdo    remapcon: YAC first order conservative weights from lonlat (3601x1801) to lonlat (1440x721) grid
stty: 'standard input': Inappropriate ioctl for device
/home2/guilherme.mendonca/.profile: line 44: mesg: command not found
cdo    remapcon: YAC first order conservative weights from lonlat (3601x1801) to lonlat (1440x721) grid
stty: 'standard input': Inappropriate ioctl for device
/home2/guilherme.mendonca/.profile: line 44: mesg: command not found
cdo    remapcon: YAC first order conservative weights from lonlat (3601x1801) to lonlat (1440x721) grid
stty: 'standard input': Inappropriate ioctl for device
/home2/guilherme.mendonca/.profile: line 44: mesg: command not found
cdo    remapcon: YAC first order conservative weights from lonlat (3601x1801) to lonlat (1440x721) grid
stty: 'standard input': Inappropriate ioctl for device
/home2/guilherme.mendonca/.profile: line 44: mesg: command not found
cdo    remapcon: YAC first order conservative weights from lonlat (3601x1801) to lonlat (1440x721) grid
stty: 'standard input': Inappropriate ioctl for device
/home2/guilherme.mendonca/.profile: line 44: mesg: command not found
cdo    remapcon: YAC first order conservative weights from lonlat (3601x1801) to lonlat (1440x721) grid
stty: 'standard input': Inappropriate ioctl for device
/home2/guilherme.mendonca/.profile: line 44: mesg: command not found
cdo    remapcon: YAC first order conservative weights from lonlat (3601x1801) to lonlat (1440x721) grid
stty: 'standard input': Inappropriate ioctl for device
/home2/guilherme.mendonca/.profile: line 44: mesg: command not found
cdo    remapcon: YAC first order conservative weights from lonlat (3601x1801) to lonlat (1440x721) grid
stty: 'standard input': Inappropriate ioctl for device
/home2/guilherme.mendonca/.profile: line 44: mesg: command not found
cdo    remapcon: YAC first order conservative weights from lonlat (3601x1801) to lonlat (1440x721) grid
stty: 'standard input': Inappropriate ioctl for device
/home2/guilherme.mendonca/.profile: line 44: mesg: command not found
cdo    remapcon: YAC first order conservative weights from lonlat (3601x1801) to lonlat (1440x721) grid
stty: 'standard input': Inappropriate ioctl for device
/home2/guilherme.mendonca/.profile: line 44: mesg: command not found
cdo    remapcon: YAC first order conservative weights from lonlat (3601x1801) to lonlat (1440x721) grid
stty: 'standard input': Inappropriate ioctl for device
/home2/guilherme.mendonca/.profile: line 44: mesg: command not found
cdo    remapcon: YAC first order conservative weights from lonlat (3601x1801) to lonlat (1440x721) grid
stty: 'standard input': Inappropriate ioctl for device
/home2/guilherme.mendonca/.profile: line 44: mesg: command not found
cdo    remapcon: YAC first order conservative weights from lonlat (3601x1801) to lonlat (1440x721) grid
stty: 'standard input': Inappropriate ioctl for device
/home2/guilherme.mendonca/.profile: line 44: mesg: command not found
cdo    remapcon: YAC first order conservative weights from lonlat (3601x1801) to lonlat (1440x721) grid
stty: 'standard input': Inappropriate ioctl for device
/home2/guilherme.mendonca/.profile: line 44: mesg: command not found
cdo    remapcon: YAC first order conservative weights from lonlat (3601x1801) to lonlat (1440x721) grid
stty: 'standard input': Inappropriate ioctl for device
/home2/guilherme.mendonca/.profile: line 44: mesg: command not found
cdo    remapcon: YAC first order conservative weights from lonlat (3601x1801) to lonlat (1440x721) grid
stty: 'standard input': Inappropriate ioctl for device
/home2/guilherme.mendonca/.profile: line 44: mesg: command not found
cdo    remapcon: YAC first order conservative weights from lonlat (3601x1801) to lonlat (1440x721) grid
stty: 'standard input': Inappropriate ioctl for device
/home2/guilherme.mendonca/.profile: line 44: mesg: command not found
cdo    remapcon: YAC first order conservative weights from lonlat (3601x1801) to lonlat (1440x721) grid
stty: 'standard input': Inappropriate ioctl for device
/home2/guilherme.mendonca/.profile: line 44: mesg: command not found
cdo    remapcon: YAC first order conservative weights from lonlat (3601x1801) to lonlat (1440x721) grid
stty: 'standard input': Inappropriate ioctl for device
/home2/guilherme.mendonca/.profile: line 44: mesg: command not found
cdo    remapcon: YAC first order conservative weights from lonlat (3601x1801) to lonlat (1440x721) grid
stty: 'standard input': Inappropriate ioctl for device
/home2/guilherme.mendonca/.profile: line 44: mesg: command not found
cdo    remapcon: YAC first order conservative weights from lonlat (3601x1801) to lonlat (1440x721) grid
stty: 'standard input': Inappropriate ioctl for device
/home2/guilherme.mendonca/.profile: line 44: mesg: command not found
cdo    remapcon: YAC first order conservative weights from lonlat (3601x1801) to lonlat (1440x721) grid
stty: 'standard input': Inappropriate ioctl for device
/home2/guilherme.mendonca/.profile: line 44: mesg: command not found
cdo    remapcon: YAC first order conservative weights from lonlat (3601x1801) to lonlat (1440x721) grid
/p/projetos/monan_atm/guilherme.mendonca/MONAN-analysis/analyses/vertical_structure/vertical_structure_src/vertical_structure_aux.py:1049: FutureWarning: In a future version of xarray the default value for data_vars will change from data_vars='all' to data_vars=None. This is likely to lead to different results when multiple datasets have matching variables with overlapping values. To opt in to new defaults and get rid of these warnings now use `set_options(use_new_combine_kwarg_defaults=True) or set data_vars explicitly.
  ds_var_ref_concat = xr.open_mfdataset(var_ref_filepaths, combine="nested", concat_dim="Time")

 ==========================================================================

 Running analysis in 'multiple' mode: multiple dates and/or time windows...

 Constructing list of dates to analyze...

 List of dates to analyze: ['2026060100', '2026060200', '2026060300', '2026060400', '2026060500', '2026060600', '2026060700', '2026060800', '2026060900', '2026061000', '2026061100', '2026061200', '2026061300', '2026061400', '2026061500', '2026061600', '2026061700', '2026061800', '2026061900', '2026062000', '2026062100', '2026062200', '2026062300', '2026062400', '2026062500', '2026062600', '2026062700', '2026062800', '2026062900', '2026063000']

 List of forecast time windows to analyze: ['120']

 ==========================================================================

 --------------------------------------------------------------------------

 Running analysis for each date and time window...

 Date:2026060100; time window: 120

 Updating analysis-specific config file...

 Initializing folder structure if not already existent...

 Reading and selecting prediction model monan data, and converting it to standard MONAN data format (var names, lat and lev ordering)...
Reading and preprocessing data from prediction model: MONAN. Selected routine: read_and_preprocess_monan_prediction_data...
MONAN dataset with selected variables and levels:
<xarray.Dataset> Size: 52MB
Dimensions:           (Time: 1, level: 1, latitude: 1801, longitude: 3601)
Coordinates:
  * Time              (Time) datetime64[ns] 8B 2026-06-01
  * level             (level) float32 4B 5e+04
  * latitude          (latitude) float32 7kB -90.0 -89.9 -89.8 ... 89.9 90.0
  * longitude         (longitude) float32 14kB 0.0 0.1 0.2 ... 359.8 359.9 360.0
Data variables:
    zgeo              (Time, level, latitude, longitude) float32 26MB ...
    surface_pressure  (Time, latitude, longitude) float32 26MB ...

 Reading and selecting reference data gfs_analysis, and converting it to standard MONAN data format (var names, lat and lev ordering)...
Reading and preprocessing reference data: GFS analysis. Selected routine: read_and_preprocess_gfs_analysis_ref_data...
GFS ref dataset in MONAN data format:
<xarray.Dataset> Size: 17MB
Dimensions:           (Time: 1, level: 1, latitude: 721, longitude: 1440)
Coordinates:
  * Time              (Time) datetime64[ns] 8B 2026-06-01
  * level             (level) float64 8B 5e+04
  * latitude          (latitude) float32 3kB -90.0 -89.75 -89.5 ... 89.75 90.0
  * longitude         (longitude) float32 6kB 0.0 0.25 0.5 ... 359.2 359.5 359.8
Data variables:
    zgeo              (Time, level, latitude, longitude) float64 8MB ...
    surface_pressure  (latitude, longitude) float64 8MB ...
Attributes:
    Conventions:  CF-1.6
    history:      2026-07-06 11:41:23 GMT by grib_to_netcdf-2.40.0: grib_to_n...

 Interpolating forecast / reference data for comparability...
Interpolating prediction model data to reference data grid because INTERPOL_TYPE is set to 'prediction_to_ref' for prediction model: monan and reference data: gfs_analysis.
monan data mapped to gfs_analysis grid:
<xarray.Dataset> Size: 8MB
Dimensions:           (Time: 1, level: 1, latitude: 721, longitude: 1440)
Coordinates:
  * Time              (Time) datetime64[ns] 8B 2026-06-01
  * level             (level) float32 4B 5e+04
  * latitude          (latitude) float32 3kB -90.0 -89.75 -89.5 ... 89.75 90.0
  * longitude         (longitude) float32 6kB 0.0 0.25 0.5 ... 359.2 359.5 359.8
Data variables:
    zgeo              (Time, level, latitude, longitude) float32 4MB ...
    surface_pressure  (Time, latitude, longitude) float32 4MB ...
Attributes:
    CDI:          Climate Data Interface version 2.5.4 (https://mpimet.mpg.de...
    Conventions:  CF-1.6
    history:      Fri Sep 04 14:11:52 2026: cdo -f nc -remapcon,/lustre/proje...
    CDO:          Climate Data Operators version 2.5.4 (https://mpimet.mpg.de...

 Calculating statistics...
Regional summary CSV saved: /lustre/projetos/monan_atm/guilherme.mendonca/MONAN-analysis/analyses/vertical_structure/results/monan_202606_to_202608/output_2026060100_to_2026063000/data/date_2026060100_time_window_120/relative_error_date_2026060100_time_window_120_summary.csv

 Plotting statistics...
Metric: relative_error
domain: global
variable: zgeo
level: 50000

 Copying config files...

 Done.

 Date:2026060200; time window: 120

 Updating analysis-specific config file...

 Initializing folder structure if not already existent...

 Reading and selecting prediction model monan data, and converting it to standard MONAN data format (var names, lat and lev ordering)...
Reading and preprocessing data from prediction model: MONAN. Selected routine: read_and_preprocess_monan_prediction_data...
MONAN dataset with selected variables and levels:
<xarray.Dataset> Size: 52MB
Dimensions:           (Time: 1, level: 1, latitude: 1801, longitude: 3601)
Coordinates:
  * Time              (Time) datetime64[ns] 8B 2026-06-02
  * level             (level) float32 4B 5e+04
  * latitude          (latitude) float32 7kB -90.0 -89.9 -89.8 ... 89.9 90.0
  * longitude         (longitude) float32 14kB 0.0 0.1 0.2 ... 359.8 359.9 360.0
Data variables:
    zgeo              (Time, level, latitude, longitude) float32 26MB ...
    surface_pressure  (Time, latitude, longitude) float32 26MB ...

 Reading and selecting reference data gfs_analysis, and converting it to standard MONAN data format (var names, lat and lev ordering)...
Reading and preprocessing reference data: GFS analysis. Selected routine: read_and_preprocess_gfs_analysis_ref_data...
GFS ref dataset in MONAN data format:
<xarray.Dataset> Size: 17MB
Dimensions:           (Time: 1, level: 1, latitude: 721, longitude: 1440)
Coordinates:
  * Time              (Time) datetime64[ns] 8B 2026-06-02
  * level             (level) float64 8B 5e+04
  * latitude          (latitude) float32 3kB -90.0 -89.75 -89.5 ... 89.75 90.0
  * longitude         (longitude) float32 6kB 0.0 0.25 0.5 ... 359.2 359.5 359.8
Data variables:
    zgeo              (Time, level, latitude, longitude) float64 8MB ...
    surface_pressure  (latitude, longitude) float64 8MB ...
Attributes:
    Conventions:  CF-1.6
    history:      2026-07-06 11:41:30 GMT by grib_to_netcdf-2.40.0: grib_to_n...

 Interpolating forecast / reference data for comparability...
Interpolating prediction model data to reference data grid because INTERPOL_TYPE is set to 'prediction_to_ref' for prediction model: monan and reference data: gfs_analysis.
monan data mapped to gfs_analysis grid:
<xarray.Dataset> Size: 8MB
Dimensions:           (Time: 1, level: 1, latitude: 721, longitude: 1440)
Coordinates:
  * Time              (Time) datetime64[ns] 8B 2026-06-02
  * level             (level) float32 4B 5e+04
  * latitude          (latitude) float32 3kB -90.0 -89.75 -89.5 ... 89.75 90.0
  * longitude         (longitude) float32 6kB 0.0 0.25 0.5 ... 359.2 359.5 359.8
Data variables:
    zgeo              (Time, level, latitude, longitude) float32 4MB ...
    surface_pressure  (Time, latitude, longitude) float32 4MB ...
Attributes:
    CDI:          Climate Data Interface version 2.5.4 (https://mpimet.mpg.de...
    Conventions:  CF-1.6
    history:      Fri Sep 04 14:12:11 2026: cdo -f nc -remapcon,/lustre/proje...
    CDO:          Climate Data Operators version 2.5.4 (https://mpimet.mpg.de...

 Calculating statistics...
Regional summary CSV saved: /lustre/projetos/monan_atm/guilherme.mendonca/MONAN-analysis/analyses/vertical_structure/results/monan_202606_to_202608/output_2026060100_to_2026063000/data/date_2026060200_time_window_120/relative_error_date_2026060200_time_window_120_summary.csv

 Plotting statistics...
Metric: relative_error
domain: global
variable: zgeo
level: 50000

 Copying config files...

 Done.

 Date:2026060300; time window: 120

 Updating analysis-specific config file...

 Initializing folder structure if not already existent...

 Reading and selecting prediction model monan data, and converting it to standard MONAN data format (var names, lat and lev ordering)...
Reading and preprocessing data from prediction model: MONAN. Selected routine: read_and_preprocess_monan_prediction_data...
MONAN dataset with selected variables and levels:
<xarray.Dataset> Size: 52MB
Dimensions:           (Time: 1, level: 1, latitude: 1801, longitude: 3601)
Coordinates:
  * Time              (Time) datetime64[ns] 8B 2026-06-03
  * level             (level) float32 4B 5e+04
  * latitude          (latitude) float32 7kB -90.0 -89.9 -89.8 ... 89.9 90.0
  * longitude         (longitude) float32 14kB 0.0 0.1 0.2 ... 359.8 359.9 360.0
Data variables:
    zgeo              (Time, level, latitude, longitude) float32 26MB ...
    surface_pressure  (Time, latitude, longitude) float32 26MB ...

 Reading and selecting reference data gfs_analysis, and converting it to standard MONAN data format (var names, lat and lev ordering)...
Reading and preprocessing reference data: GFS analysis. Selected routine: read_and_preprocess_gfs_analysis_ref_data...
GFS ref dataset in MONAN data format:
<xarray.Dataset> Size: 17MB
Dimensions:           (Time: 1, level: 1, latitude: 721, longitude: 1440)
Coordinates:
  * Time              (Time) datetime64[ns] 8B 2026-06-03
  * level             (level) float64 8B 5e+04
  * latitude          (latitude) float32 3kB -90.0 -89.75 -89.5 ... 89.75 90.0
  * longitude         (longitude) float32 6kB 0.0 0.25 0.5 ... 359.2 359.5 359.8
Data variables:
    zgeo              (Time, level, latitude, longitude) float64 8MB ...
    surface_pressure  (latitude, longitude) float64 8MB ...
Attributes:
    Conventions:  CF-1.6
    history:      2026-07-06 11:41:37 GMT by grib_to_netcdf-2.40.0: grib_to_n...

 Interpolating forecast / reference data for comparability...
Interpolating prediction model data to reference data grid because INTERPOL_TYPE is set to 'prediction_to_ref' for prediction model: monan and reference data: gfs_analysis.
monan data mapped to gfs_analysis grid:
<xarray.Dataset> Size: 8MB
Dimensions:           (Time: 1, level: 1, latitude: 721, longitude: 1440)
Coordinates:
  * Time              (Time) datetime64[ns] 8B 2026-06-03
  * level             (level) float32 4B 5e+04
  * latitude          (latitude) float32 3kB -90.0 -89.75 -89.5 ... 89.75 90.0
  * longitude         (longitude) float32 6kB 0.0 0.25 0.5 ... 359.2 359.5 359.8
Data variables:
    zgeo              (Time, level, latitude, longitude) float32 4MB ...
    surface_pressure  (Time, latitude, longitude) float32 4MB ...
Attributes:
    CDI:          Climate Data Interface version 2.5.4 (https://mpimet.mpg.de...
    Conventions:  CF-1.6
    history:      Fri Sep 04 14:12:32 2026: cdo -f nc -remapcon,/lustre/proje...
    CDO:          Climate Data Operators version 2.5.4 (https://mpimet.mpg.de...

 Calculating statistics...
Regional summary CSV saved: /lustre/projetos/monan_atm/guilherme.mendonca/MONAN-analysis/analyses/vertical_structure/results/monan_202606_to_202608/output_2026060100_to_2026063000/data/date_2026060300_time_window_120/relative_error_date_2026060300_time_window_120_summary.csv

 Plotting statistics...
Metric: relative_error
domain: global
variable: zgeo
level: 50000

 Copying config files...

 Done.

 Date:2026060400; time window: 120

 Updating analysis-specific config file...

 Initializing folder structure if not already existent...

 Reading and selecting prediction model monan data, and converting it to standard MONAN data format (var names, lat and lev ordering)...
Reading and preprocessing data from prediction model: MONAN. Selected routine: read_and_preprocess_monan_prediction_data...
MONAN dataset with selected variables and levels:
<xarray.Dataset> Size: 52MB
Dimensions:           (Time: 1, level: 1, latitude: 1801, longitude: 3601)
Coordinates:
  * Time              (Time) datetime64[ns] 8B 2026-06-04
  * level             (level) float32 4B 5e+04
  * latitude          (latitude) float32 7kB -90.0 -89.9 -89.8 ... 89.9 90.0
  * longitude         (longitude) float32 14kB 0.0 0.1 0.2 ... 359.8 359.9 360.0
Data variables:
    zgeo              (Time, level, latitude, longitude) float32 26MB ...
    surface_pressure  (Time, latitude, longitude) float32 26MB ...

 Reading and selecting reference data gfs_analysis, and converting it to standard MONAN data format (var names, lat and lev ordering)...
Reading and preprocessing reference data: GFS analysis. Selected routine: read_and_preprocess_gfs_analysis_ref_data...
GFS ref dataset in MONAN data format:
<xarray.Dataset> Size: 17MB
Dimensions:           (Time: 1, level: 1, latitude: 721, longitude: 1440)
Coordinates:
  * Time              (Time) datetime64[ns] 8B 2026-06-04
  * level             (level) float64 8B 5e+04
  * latitude          (latitude) float32 3kB -90.0 -89.75 -89.5 ... 89.75 90.0
  * longitude         (longitude) float32 6kB 0.0 0.25 0.5 ... 359.2 359.5 359.8
Data variables:
    zgeo              (Time, level, latitude, longitude) float64 8MB ...
    surface_pressure  (latitude, longitude) float64 8MB ...
Attributes:
    Conventions:  CF-1.6
    history:      2026-07-06 11:41:45 GMT by grib_to_netcdf-2.40.0: grib_to_n...

 Interpolating forecast / reference data for comparability...
Interpolating prediction model data to reference data grid because INTERPOL_TYPE is set to 'prediction_to_ref' for prediction model: monan and reference data: gfs_analysis.
monan data mapped to gfs_analysis grid:
<xarray.Dataset> Size: 8MB
Dimensions:           (Time: 1, level: 1, latitude: 721, longitude: 1440)
Coordinates:
  * Time              (Time) datetime64[ns] 8B 2026-06-04
  * level             (level) float32 4B 5e+04
  * latitude          (latitude) float32 3kB -90.0 -89.75 -89.5 ... 89.75 90.0
  * longitude         (longitude) float32 6kB 0.0 0.25 0.5 ... 359.2 359.5 359.8
Data variables:
    zgeo              (Time, level, latitude, longitude) float32 4MB ...
    surface_pressure  (Time, latitude, longitude) float32 4MB ...
Attributes:
    CDI:          Climate Data Interface version 2.5.4 (https://mpimet.mpg.de...
    Conventions:  CF-1.6
    history:      Fri Sep 04 14:12:53 2026: cdo -f nc -remapcon,/lustre/proje...
    CDO:          Climate Data Operators version 2.5.4 (https://mpimet.mpg.de...

 Calculating statistics...
Regional summary CSV saved: /lustre/projetos/monan_atm/guilherme.mendonca/MONAN-analysis/analyses/vertical_structure/results/monan_202606_to_202608/output_2026060100_to_2026063000/data/date_2026060400_time_window_120/relative_error_date_2026060400_time_window_120_summary.csv

 Plotting statistics...
Metric: relative_error
domain: global
variable: zgeo
level: 50000

 Copying config files...

 Done.

 Date:2026060500; time window: 120

 Updating analysis-specific config file...

 Initializing folder structure if not already existent...

 Reading and selecting prediction model monan data, and converting it to standard MONAN data format (var names, lat and lev ordering)...
Reading and preprocessing data from prediction model: MONAN. Selected routine: read_and_preprocess_monan_prediction_data...
MONAN dataset with selected variables and levels:
<xarray.Dataset> Size: 52MB
Dimensions:           (Time: 1, level: 1, latitude: 1801, longitude: 3601)
Coordinates:
  * Time              (Time) datetime64[ns] 8B 2026-06-05
  * level             (level) float32 4B 5e+04
  * latitude          (latitude) float32 7kB -90.0 -89.9 -89.8 ... 89.9 90.0
  * longitude         (longitude) float32 14kB 0.0 0.1 0.2 ... 359.8 359.9 360.0
Data variables:
    zgeo              (Time, level, latitude, longitude) float32 26MB ...
    surface_pressure  (Time, latitude, longitude) float32 26MB ...

 Reading and selecting reference data gfs_analysis, and converting it to standard MONAN data format (var names, lat and lev ordering)...
Reading and preprocessing reference data: GFS analysis. Selected routine: read_and_preprocess_gfs_analysis_ref_data...
GFS ref dataset in MONAN data format:
<xarray.Dataset> Size: 17MB
Dimensions:           (Time: 1, level: 1, latitude: 721, longitude: 1440)
Coordinates:
  * Time              (Time) datetime64[ns] 8B 2026-06-05
  * level             (level) float64 8B 5e+04
  * latitude          (latitude) float32 3kB -90.0 -89.75 -89.5 ... 89.75 90.0
  * longitude         (longitude) float32 6kB 0.0 0.25 0.5 ... 359.2 359.5 359.8
Data variables:
    zgeo              (Time, level, latitude, longitude) float64 8MB ...
    surface_pressure  (latitude, longitude) float64 8MB ...
Attributes:
    Conventions:  CF-1.6
    history:      2026-07-06 11:41:52 GMT by grib_to_netcdf-2.40.0: grib_to_n...

 Interpolating forecast / reference data for comparability...
Interpolating prediction model data to reference data grid because INTERPOL_TYPE is set to 'prediction_to_ref' for prediction model: monan and reference data: gfs_analysis.
monan data mapped to gfs_analysis grid:
<xarray.Dataset> Size: 8MB
Dimensions:           (Time: 1, level: 1, latitude: 721, longitude: 1440)
Coordinates:
  * Time              (Time) datetime64[ns] 8B 2026-06-05
  * level             (level) float32 4B 5e+04
  * latitude          (latitude) float32 3kB -90.0 -89.75 -89.5 ... 89.75 90.0
  * longitude         (longitude) float32 6kB 0.0 0.25 0.5 ... 359.2 359.5 359.8
Data variables:
    zgeo              (Time, level, latitude, longitude) float32 4MB ...
    surface_pressure  (Time, latitude, longitude) float32 4MB ...
Attributes:
    CDI:          Climate Data Interface version 2.5.4 (https://mpimet.mpg.de...
    Conventions:  CF-1.6
    history:      Fri Sep 04 14:13:13 2026: cdo -f nc -remapcon,/lustre/proje...
    CDO:          Climate Data Operators version 2.5.4 (https://mpimet.mpg.de...

 Calculating statistics...
Regional summary CSV saved: /lustre/projetos/monan_atm/guilherme.mendonca/MONAN-analysis/analyses/vertical_structure/results/monan_202606_to_202608/output_2026060100_to_2026063000/data/date_2026060500_time_window_120/relative_error_date_2026060500_time_window_120_summary.csv

 Plotting statistics...
Metric: relative_error
domain: global
variable: zgeo
level: 50000

 Copying config files...

 Done.

 Date:2026060600; time window: 120

 Updating analysis-specific config file...

 Initializing folder structure if not already existent...

 Reading and selecting prediction model monan data, and converting it to standard MONAN data format (var names, lat and lev ordering)...
Reading and preprocessing data from prediction model: MONAN. Selected routine: read_and_preprocess_monan_prediction_data...
MONAN dataset with selected variables and levels:
<xarray.Dataset> Size: 52MB
Dimensions:           (Time: 1, level: 1, latitude: 1801, longitude: 3601)
Coordinates:
  * Time              (Time) datetime64[ns] 8B 2026-06-06
  * level             (level) float32 4B 5e+04
  * latitude          (latitude) float32 7kB -90.0 -89.9 -89.8 ... 89.9 90.0
  * longitude         (longitude) float32 14kB 0.0 0.1 0.2 ... 359.8 359.9 360.0
Data variables:
    zgeo              (Time, level, latitude, longitude) float32 26MB ...
    surface_pressure  (Time, latitude, longitude) float32 26MB ...

 Reading and selecting reference data gfs_analysis, and converting it to standard MONAN data format (var names, lat and lev ordering)...
Reading and preprocessing reference data: GFS analysis. Selected routine: read_and_preprocess_gfs_analysis_ref_data...
GFS ref dataset in MONAN data format:
<xarray.Dataset> Size: 17MB
Dimensions:           (Time: 1, level: 1, latitude: 721, longitude: 1440)
Coordinates:
  * Time              (Time) datetime64[ns] 8B 2026-06-06
  * level             (level) float64 8B 5e+04
  * latitude          (latitude) float32 3kB -90.0 -89.75 -89.5 ... 89.75 90.0
  * longitude         (longitude) float32 6kB 0.0 0.25 0.5 ... 359.2 359.5 359.8
Data variables:
    zgeo              (Time, level, latitude, longitude) float64 8MB ...
    surface_pressure  (latitude, longitude) float64 8MB ...
Attributes:
    Conventions:  CF-1.6
    history:      2026-07-06 11:41:59 GMT by grib_to_netcdf-2.40.0: grib_to_n...

 Interpolating forecast / reference data for comparability...
Interpolating prediction model data to reference data grid because INTERPOL_TYPE is set to 'prediction_to_ref' for prediction model: monan and reference data: gfs_analysis.
monan data mapped to gfs_analysis grid:
<xarray.Dataset> Size: 8MB
Dimensions:           (Time: 1, level: 1, latitude: 721, longitude: 1440)
Coordinates:
  * Time              (Time) datetime64[ns] 8B 2026-06-06
  * level             (level) float32 4B 5e+04
  * latitude          (latitude) float32 3kB -90.0 -89.75 -89.5 ... 89.75 90.0
  * longitude         (longitude) float32 6kB 0.0 0.25 0.5 ... 359.2 359.5 359.8
Data variables:
    zgeo              (Time, level, latitude, longitude) float32 4MB ...
    surface_pressure  (Time, latitude, longitude) float32 4MB ...
Attributes:
    CDI:          Climate Data Interface version 2.5.4 (https://mpimet.mpg.de...
    Conventions:  CF-1.6
    history:      Fri Sep 04 14:13:34 2026: cdo -f nc -remapcon,/lustre/proje...
    CDO:          Climate Data Operators version 2.5.4 (https://mpimet.mpg.de...

 Calculating statistics...
Regional summary CSV saved: /lustre/projetos/monan_atm/guilherme.mendonca/MONAN-analysis/analyses/vertical_structure/results/monan_202606_to_202608/output_2026060100_to_2026063000/data/date_2026060600_time_window_120/relative_error_date_2026060600_time_window_120_summary.csv

 Plotting statistics...
Metric: relative_error
domain: global
variable: zgeo
level: 50000

 Copying config files...

 Done.

 Date:2026060700; time window: 120

 Updating analysis-specific config file...

 Initializing folder structure if not already existent...

 Reading and selecting prediction model monan data, and converting it to standard MONAN data format (var names, lat and lev ordering)...
Reading and preprocessing data from prediction model: MONAN. Selected routine: read_and_preprocess_monan_prediction_data...
MONAN dataset with selected variables and levels:
<xarray.Dataset> Size: 52MB
Dimensions:           (Time: 1, level: 1, latitude: 1801, longitude: 3601)
Coordinates:
  * Time              (Time) datetime64[ns] 8B 2026-06-07
  * level             (level) float32 4B 5e+04
  * latitude          (latitude) float32 7kB -90.0 -89.9 -89.8 ... 89.9 90.0
  * longitude         (longitude) float32 14kB 0.0 0.1 0.2 ... 359.8 359.9 360.0
Data variables:
    zgeo              (Time, level, latitude, longitude) float32 26MB ...
    surface_pressure  (Time, latitude, longitude) float32 26MB ...

 Reading and selecting reference data gfs_analysis, and converting it to standard MONAN data format (var names, lat and lev ordering)...
Reading and preprocessing reference data: GFS analysis. Selected routine: read_and_preprocess_gfs_analysis_ref_data...
GFS ref dataset in MONAN data format:
<xarray.Dataset> Size: 17MB
Dimensions:           (Time: 1, level: 1, latitude: 721, longitude: 1440)
Coordinates:
  * Time              (Time) datetime64[ns] 8B 2026-06-07
  * level             (level) float64 8B 5e+04
  * latitude          (latitude) float32 3kB -90.0 -89.75 -89.5 ... 89.75 90.0
  * longitude         (longitude) float32 6kB 0.0 0.25 0.5 ... 359.2 359.5 359.8
Data variables:
    zgeo              (Time, level, latitude, longitude) float64 8MB ...
    surface_pressure  (latitude, longitude) float64 8MB ...
Attributes:
    Conventions:  CF-1.6
    history:      2026-07-06 11:42:06 GMT by grib_to_netcdf-2.40.0: grib_to_n...

 Interpolating forecast / reference data for comparability...
Interpolating prediction model data to reference data grid because INTERPOL_TYPE is set to 'prediction_to_ref' for prediction model: monan and reference data: gfs_analysis.
monan data mapped to gfs_analysis grid:
<xarray.Dataset> Size: 8MB
Dimensions:           (Time: 1, level: 1, latitude: 721, longitude: 1440)
Coordinates:
  * Time              (Time) datetime64[ns] 8B 2026-06-07
  * level             (level) float32 4B 5e+04
  * latitude          (latitude) float32 3kB -90.0 -89.75 -89.5 ... 89.75 90.0
  * longitude         (longitude) float32 6kB 0.0 0.25 0.5 ... 359.2 359.5 359.8
Data variables:
    zgeo              (Time, level, latitude, longitude) float32 4MB ...
    surface_pressure  (Time, latitude, longitude) float32 4MB ...
Attributes:
    CDI:          Climate Data Interface version 2.5.4 (https://mpimet.mpg.de...
    Conventions:  CF-1.6
    history:      Fri Sep 04 14:13:55 2026: cdo -f nc -remapcon,/lustre/proje...
    CDO:          Climate Data Operators version 2.5.4 (https://mpimet.mpg.de...

 Calculating statistics...
Regional summary CSV saved: /lustre/projetos/monan_atm/guilherme.mendonca/MONAN-analysis/analyses/vertical_structure/results/monan_202606_to_202608/output_2026060100_to_2026063000/data/date_2026060700_time_window_120/relative_error_date_2026060700_time_window_120_summary.csv

 Plotting statistics...
Metric: relative_error
domain: global
variable: zgeo
level: 50000

 Copying config files...

 Done.

 Date:2026060800; time window: 120

 Updating analysis-specific config file...

 Initializing folder structure if not already existent...

 Reading and selecting prediction model monan data, and converting it to standard MONAN data format (var names, lat and lev ordering)...
Reading and preprocessing data from prediction model: MONAN. Selected routine: read_and_preprocess_monan_prediction_data...
MONAN dataset with selected variables and levels:
<xarray.Dataset> Size: 52MB
Dimensions:           (Time: 1, level: 1, latitude: 1801, longitude: 3601)
Coordinates:
  * Time              (Time) datetime64[ns] 8B 2026-06-08
  * level             (level) float32 4B 5e+04
  * latitude          (latitude) float32 7kB -90.0 -89.9 -89.8 ... 89.9 90.0
  * longitude         (longitude) float32 14kB 0.0 0.1 0.2 ... 359.8 359.9 360.0
Data variables:
    zgeo              (Time, level, latitude, longitude) float32 26MB ...
    surface_pressure  (Time, latitude, longitude) float32 26MB ...

 Reading and selecting reference data gfs_analysis, and converting it to standard MONAN data format (var names, lat and lev ordering)...
Reading and preprocessing reference data: GFS analysis. Selected routine: read_and_preprocess_gfs_analysis_ref_data...
GFS ref dataset in MONAN data format:
<xarray.Dataset> Size: 17MB
Dimensions:           (Time: 1, level: 1, latitude: 721, longitude: 1440)
Coordinates:
  * Time              (Time) datetime64[ns] 8B 2026-06-08
  * level             (level) float64 8B 5e+04
  * latitude          (latitude) float32 3kB -90.0 -89.75 -89.5 ... 89.75 90.0
  * longitude         (longitude) float32 6kB 0.0 0.25 0.5 ... 359.2 359.5 359.8
Data variables:
    zgeo              (Time, level, latitude, longitude) float64 8MB ...
    surface_pressure  (latitude, longitude) float64 8MB ...
Attributes:
    Conventions:  CF-1.6
    history:      2026-07-06 11:42:14 GMT by grib_to_netcdf-2.40.0: grib_to_n...

 Interpolating forecast / reference data for comparability...
Interpolating prediction model data to reference data grid because INTERPOL_TYPE is set to 'prediction_to_ref' for prediction model: monan and reference data: gfs_analysis.
monan data mapped to gfs_analysis grid:
<xarray.Dataset> Size: 8MB
Dimensions:           (Time: 1, level: 1, latitude: 721, longitude: 1440)
Coordinates:
  * Time              (Time) datetime64[ns] 8B 2026-06-08
  * level             (level) float32 4B 5e+04
  * latitude          (latitude) float32 3kB -90.0 -89.75 -89.5 ... 89.75 90.0
  * longitude         (longitude) float32 6kB 0.0 0.25 0.5 ... 359.2 359.5 359.8
Data variables:
    zgeo              (Time, level, latitude, longitude) float32 4MB ...
    surface_pressure  (Time, latitude, longitude) float32 4MB ...
Attributes:
    CDI:          Climate Data Interface version 2.5.4 (https://mpimet.mpg.de...
    Conventions:  CF-1.6
    history:      Fri Sep 04 14:14:16 2026: cdo -f nc -remapcon,/lustre/proje...
    CDO:          Climate Data Operators version 2.5.4 (https://mpimet.mpg.de...

 Calculating statistics...
Regional summary CSV saved: /lustre/projetos/monan_atm/guilherme.mendonca/MONAN-analysis/analyses/vertical_structure/results/monan_202606_to_202608/output_2026060100_to_2026063000/data/date_2026060800_time_window_120/relative_error_date_2026060800_time_window_120_summary.csv

 Plotting statistics...
Metric: relative_error
domain: global
variable: zgeo
level: 50000

 Copying config files...

 Done.

 Date:2026060900; time window: 120

 Updating analysis-specific config file...

 Initializing folder structure if not already existent...

 Reading and selecting prediction model monan data, and converting it to standard MONAN data format (var names, lat and lev ordering)...
Reading and preprocessing data from prediction model: MONAN. Selected routine: read_and_preprocess_monan_prediction_data...
MONAN dataset with selected variables and levels:
<xarray.Dataset> Size: 52MB
Dimensions:           (Time: 1, level: 1, latitude: 1801, longitude: 3601)
Coordinates:
  * Time              (Time) datetime64[ns] 8B 2026-06-09
  * level             (level) float32 4B 5e+04
  * latitude          (latitude) float32 7kB -90.0 -89.9 -89.8 ... 89.9 90.0
  * longitude         (longitude) float32 14kB 0.0 0.1 0.2 ... 359.8 359.9 360.0
Data variables:
    zgeo              (Time, level, latitude, longitude) float32 26MB ...
    surface_pressure  (Time, latitude, longitude) float32 26MB ...

 Reading and selecting reference data gfs_analysis, and converting it to standard MONAN data format (var names, lat and lev ordering)...
Reading and preprocessing reference data: GFS analysis. Selected routine: read_and_preprocess_gfs_analysis_ref_data...
GFS ref dataset in MONAN data format:
<xarray.Dataset> Size: 17MB
Dimensions:           (Time: 1, level: 1, latitude: 721, longitude: 1440)
Coordinates:
  * Time              (Time) datetime64[ns] 8B 2026-06-09
  * level             (level) float64 8B 5e+04
  * latitude          (latitude) float32 3kB -90.0 -89.75 -89.5 ... 89.75 90.0
  * longitude         (longitude) float32 6kB 0.0 0.25 0.5 ... 359.2 359.5 359.8
Data variables:
    zgeo              (Time, level, latitude, longitude) float64 8MB ...
    surface_pressure  (latitude, longitude) float64 8MB ...
Attributes:
    Conventions:  CF-1.6
    history:      2026-07-06 11:42:21 GMT by grib_to_netcdf-2.40.0: grib_to_n...

 Interpolating forecast / reference data for comparability...
Interpolating prediction model data to reference data grid because INTERPOL_TYPE is set to 'prediction_to_ref' for prediction model: monan and reference data: gfs_analysis.
monan data mapped to gfs_analysis grid:
<xarray.Dataset> Size: 8MB
Dimensions:           (Time: 1, level: 1, latitude: 721, longitude: 1440)
Coordinates:
  * Time              (Time) datetime64[ns] 8B 2026-06-09
  * level             (level) float32 4B 5e+04
  * latitude          (latitude) float32 3kB -90.0 -89.75 -89.5 ... 89.75 90.0
  * longitude         (longitude) float32 6kB 0.0 0.25 0.5 ... 359.2 359.5 359.8
Data variables:
    zgeo              (Time, level, latitude, longitude) float32 4MB ...
    surface_pressure  (Time, latitude, longitude) float32 4MB ...
Attributes:
    CDI:          Climate Data Interface version 2.5.4 (https://mpimet.mpg.de...
    Conventions:  CF-1.6
    history:      Fri Sep 04 14:14:37 2026: cdo -f nc -remapcon,/lustre/proje...
    CDO:          Climate Data Operators version 2.5.4 (https://mpimet.mpg.de...

 Calculating statistics...
Regional summary CSV saved: /lustre/projetos/monan_atm/guilherme.mendonca/MONAN-analysis/analyses/vertical_structure/results/monan_202606_to_202608/output_2026060100_to_2026063000/data/date_2026060900_time_window_120/relative_error_date_2026060900_time_window_120_summary.csv

 Plotting statistics...
Metric: relative_error
domain: global
variable: zgeo
level: 50000

 Copying config files...

 Done.

 Date:2026061000; time window: 120

 Updating analysis-specific config file...

 Initializing folder structure if not already existent...

 Reading and selecting prediction model monan data, and converting it to standard MONAN data format (var names, lat and lev ordering)...
Reading and preprocessing data from prediction model: MONAN. Selected routine: read_and_preprocess_monan_prediction_data...
MONAN dataset with selected variables and levels:
<xarray.Dataset> Size: 52MB
Dimensions:           (Time: 1, level: 1, latitude: 1801, longitude: 3601)
Coordinates:
  * Time              (Time) datetime64[ns] 8B 2026-06-10
  * level             (level) float32 4B 5e+04
  * latitude          (latitude) float32 7kB -90.0 -89.9 -89.8 ... 89.9 90.0
  * longitude         (longitude) float32 14kB 0.0 0.1 0.2 ... 359.8 359.9 360.0
Data variables:
    zgeo              (Time, level, latitude, longitude) float32 26MB ...
    surface_pressure  (Time, latitude, longitude) float32 26MB ...

 Reading and selecting reference data gfs_analysis, and converting it to standard MONAN data format (var names, lat and lev ordering)...
Reading and preprocessing reference data: GFS analysis. Selected routine: read_and_preprocess_gfs_analysis_ref_data...
GFS ref dataset in MONAN data format:
<xarray.Dataset> Size: 17MB
Dimensions:           (Time: 1, level: 1, latitude: 721, longitude: 1440)
Coordinates:
  * Time              (Time) datetime64[ns] 8B 2026-06-10
  * level             (level) float64 8B 5e+04
  * latitude          (latitude) float32 3kB -90.0 -89.75 -89.5 ... 89.75 90.0
  * longitude         (longitude) float32 6kB 0.0 0.25 0.5 ... 359.2 359.5 359.8
Data variables:
    zgeo              (Time, level, latitude, longitude) float64 8MB ...
    surface_pressure  (latitude, longitude) float64 8MB ...
Attributes:
    Conventions:  CF-1.6
    history:      2026-07-06 11:42:28 GMT by grib_to_netcdf-2.40.0: grib_to_n...

 Interpolating forecast / reference data for comparability...
Interpolating prediction model data to reference data grid because INTERPOL_TYPE is set to 'prediction_to_ref' for prediction model: monan and reference data: gfs_analysis.
monan data mapped to gfs_analysis grid:
<xarray.Dataset> Size: 8MB
Dimensions:           (Time: 1, level: 1, latitude: 721, longitude: 1440)
Coordinates:
  * Time              (Time) datetime64[ns] 8B 2026-06-10
  * level             (level) float32 4B 5e+04
  * latitude          (latitude) float32 3kB -90.0 -89.75 -89.5 ... 89.75 90.0
  * longitude         (longitude) float32 6kB 0.0 0.25 0.5 ... 359.2 359.5 359.8
Data variables:
    zgeo              (Time, level, latitude, longitude) float32 4MB ...
    surface_pressure  (Time, latitude, longitude) float32 4MB ...
Attributes:
    CDI:          Climate Data Interface version 2.5.4 (https://mpimet.mpg.de...
    Conventions:  CF-1.6
    history:      Fri Sep 04 14:14:58 2026: cdo -f nc -remapcon,/lustre/proje...
    CDO:          Climate Data Operators version 2.5.4 (https://mpimet.mpg.de...

 Calculating statistics...
Regional summary CSV saved: /lustre/projetos/monan_atm/guilherme.mendonca/MONAN-analysis/analyses/vertical_structure/results/monan_202606_to_202608/output_2026060100_to_2026063000/data/date_2026061000_time_window_120/relative_error_date_2026061000_time_window_120_summary.csv

 Plotting statistics...
Metric: relative_error
domain: global
variable: zgeo
level: 50000

 Copying config files...

 Done.

 Date:2026061100; time window: 120

 Updating analysis-specific config file...

 Initializing folder structure if not already existent...

 Reading and selecting prediction model monan data, and converting it to standard MONAN data format (var names, lat and lev ordering)...
Reading and preprocessing data from prediction model: MONAN. Selected routine: read_and_preprocess_monan_prediction_data...
MONAN dataset with selected variables and levels:
<xarray.Dataset> Size: 52MB
Dimensions:           (Time: 1, level: 1, latitude: 1801, longitude: 3601)
Coordinates:
  * Time              (Time) datetime64[ns] 8B 2026-06-11
  * level             (level) float32 4B 5e+04
  * latitude          (latitude) float32 7kB -90.0 -89.9 -89.8 ... 89.9 90.0
  * longitude         (longitude) float32 14kB 0.0 0.1 0.2 ... 359.8 359.9 360.0
Data variables:
    zgeo              (Time, level, latitude, longitude) float32 26MB ...
    surface_pressure  (Time, latitude, longitude) float32 26MB ...

 Reading and selecting reference data gfs_analysis, and converting it to standard MONAN data format (var names, lat and lev ordering)...
Reading and preprocessing reference data: GFS analysis. Selected routine: read_and_preprocess_gfs_analysis_ref_data...
GFS ref dataset in MONAN data format:
<xarray.Dataset> Size: 17MB
Dimensions:           (Time: 1, level: 1, latitude: 721, longitude: 1440)
Coordinates:
  * Time              (Time) datetime64[ns] 8B 2026-06-11
  * level             (level) float64 8B 5e+04
  * latitude          (latitude) float32 3kB -90.0 -89.75 -89.5 ... 89.75 90.0
  * longitude         (longitude) float32 6kB 0.0 0.25 0.5 ... 359.2 359.5 359.8
Data variables:
    zgeo              (Time, level, latitude, longitude) float64 8MB ...
    surface_pressure  (latitude, longitude) float64 8MB ...
Attributes:
    Conventions:  CF-1.6
    history:      2026-07-06 11:42:35 GMT by grib_to_netcdf-2.40.0: grib_to_n...

 Interpolating forecast / reference data for comparability...
Interpolating prediction model data to reference data grid because INTERPOL_TYPE is set to 'prediction_to_ref' for prediction model: monan and reference data: gfs_analysis.
monan data mapped to gfs_analysis grid:
<xarray.Dataset> Size: 8MB
Dimensions:           (Time: 1, level: 1, latitude: 721, longitude: 1440)
Coordinates:
  * Time              (Time) datetime64[ns] 8B 2026-06-11
  * level             (level) float32 4B 5e+04
  * latitude          (latitude) float32 3kB -90.0 -89.75 -89.5 ... 89.75 90.0
  * longitude         (longitude) float32 6kB 0.0 0.25 0.5 ... 359.2 359.5 359.8
Data variables:
    zgeo              (Time, level, latitude, longitude) float32 4MB ...
    surface_pressure  (Time, latitude, longitude) float32 4MB ...
Attributes:
    CDI:          Climate Data Interface version 2.5.4 (https://mpimet.mpg.de...
    Conventions:  CF-1.6
    history:      Fri Sep 04 14:15:20 2026: cdo -f nc -remapcon,/lustre/proje...
    CDO:          Climate Data Operators version 2.5.4 (https://mpimet.mpg.de...

 Calculating statistics...
Regional summary CSV saved: /lustre/projetos/monan_atm/guilherme.mendonca/MONAN-analysis/analyses/vertical_structure/results/monan_202606_to_202608/output_2026060100_to_2026063000/data/date_2026061100_time_window_120/relative_error_date_2026061100_time_window_120_summary.csv

 Plotting statistics...
Metric: relative_error
domain: global
variable: zgeo
level: 50000

 Copying config files...

 Done.

 Date:2026061200; time window: 120

 Updating analysis-specific config file...

 Initializing folder structure if not already existent...

 Reading and selecting prediction model monan data, and converting it to standard MONAN data format (var names, lat and lev ordering)...
Reading and preprocessing data from prediction model: MONAN. Selected routine: read_and_preprocess_monan_prediction_data...
MONAN dataset with selected variables and levels:
<xarray.Dataset> Size: 52MB
Dimensions:           (Time: 1, level: 1, latitude: 1801, longitude: 3601)
Coordinates:
  * Time              (Time) datetime64[ns] 8B 2026-06-12
  * level             (level) float32 4B 5e+04
  * latitude          (latitude) float32 7kB -90.0 -89.9 -89.8 ... 89.9 90.0
  * longitude         (longitude) float32 14kB 0.0 0.1 0.2 ... 359.8 359.9 360.0
Data variables:
    zgeo              (Time, level, latitude, longitude) float32 26MB ...
    surface_pressure  (Time, latitude, longitude) float32 26MB ...

 Reading and selecting reference data gfs_analysis, and converting it to standard MONAN data format (var names, lat and lev ordering)...
Reading and preprocessing reference data: GFS analysis. Selected routine: read_and_preprocess_gfs_analysis_ref_data...
GFS ref dataset in MONAN data format:
<xarray.Dataset> Size: 17MB
Dimensions:           (Time: 1, level: 1, latitude: 721, longitude: 1440)
Coordinates:
  * Time              (Time) datetime64[ns] 8B 2026-06-12
  * level             (level) float64 8B 5e+04
  * latitude          (latitude) float32 3kB -90.0 -89.75 -89.5 ... 89.75 90.0
  * longitude         (longitude) float32 6kB 0.0 0.25 0.5 ... 359.2 359.5 359.8
Data variables:
    zgeo              (Time, level, latitude, longitude) float64 8MB ...
    surface_pressure  (latitude, longitude) float64 8MB ...
Attributes:
    Conventions:  CF-1.6
    history:      2026-07-06 11:42:43 GMT by grib_to_netcdf-2.40.0: grib_to_n...

 Interpolating forecast / reference data for comparability...
Interpolating prediction model data to reference data grid because INTERPOL_TYPE is set to 'prediction_to_ref' for prediction model: monan and reference data: gfs_analysis.
monan data mapped to gfs_analysis grid:
<xarray.Dataset> Size: 8MB
Dimensions:           (Time: 1, level: 1, latitude: 721, longitude: 1440)
Coordinates:
  * Time              (Time) datetime64[ns] 8B 2026-06-12
  * level             (level) float32 4B 5e+04
  * latitude          (latitude) float32 3kB -90.0 -89.75 -89.5 ... 89.75 90.0
  * longitude         (longitude) float32 6kB 0.0 0.25 0.5 ... 359.2 359.5 359.8
Data variables:
    zgeo              (Time, level, latitude, longitude) float32 4MB ...
    surface_pressure  (Time, latitude, longitude) float32 4MB ...
Attributes:
    CDI:          Climate Data Interface version 2.5.4 (https://mpimet.mpg.de...
    Conventions:  CF-1.6
    history:      Fri Sep 04 14:15:41 2026: cdo -f nc -remapcon,/lustre/proje...
    CDO:          Climate Data Operators version 2.5.4 (https://mpimet.mpg.de...

 Calculating statistics...
Regional summary CSV saved: /lustre/projetos/monan_atm/guilherme.mendonca/MONAN-analysis/analyses/vertical_structure/results/monan_202606_to_202608/output_2026060100_to_2026063000/data/date_2026061200_time_window_120/relative_error_date_2026061200_time_window_120_summary.csv

 Plotting statistics...
Metric: relative_error
domain: global
variable: zgeo
level: 50000

 Copying config files...

 Done.

 Date:2026061300; time window: 120

 Updating analysis-specific config file...

 Initializing folder structure if not already existent...

 Reading and selecting prediction model monan data, and converting it to standard MONAN data format (var names, lat and lev ordering)...
Reading and preprocessing data from prediction model: MONAN. Selected routine: read_and_preprocess_monan_prediction_data...
MONAN dataset with selected variables and levels:
<xarray.Dataset> Size: 52MB
Dimensions:           (Time: 1, level: 1, latitude: 1801, longitude: 3601)
Coordinates:
  * Time              (Time) datetime64[ns] 8B 2026-06-13
  * level             (level) float32 4B 5e+04
  * latitude          (latitude) float32 7kB -90.0 -89.9 -89.8 ... 89.9 90.0
  * longitude         (longitude) float32 14kB 0.0 0.1 0.2 ... 359.8 359.9 360.0
Data variables:
    zgeo              (Time, level, latitude, longitude) float32 26MB ...
    surface_pressure  (Time, latitude, longitude) float32 26MB ...

 Reading and selecting reference data gfs_analysis, and converting it to standard MONAN data format (var names, lat and lev ordering)...
Reading and preprocessing reference data: GFS analysis. Selected routine: read_and_preprocess_gfs_analysis_ref_data...
GFS ref dataset in MONAN data format:
<xarray.Dataset> Size: 17MB
Dimensions:           (Time: 1, level: 1, latitude: 721, longitude: 1440)
Coordinates:
  * Time              (Time) datetime64[ns] 8B 2026-06-13
  * level             (level) float64 8B 5e+04
  * latitude          (latitude) float32 3kB -90.0 -89.75 -89.5 ... 89.75 90.0
  * longitude         (longitude) float32 6kB 0.0 0.25 0.5 ... 359.2 359.5 359.8
Data variables:
    zgeo              (Time, level, latitude, longitude) float64 8MB ...
    surface_pressure  (latitude, longitude) float64 8MB ...
Attributes:
    Conventions:  CF-1.6
    history:      2026-07-06 11:42:50 GMT by grib_to_netcdf-2.40.0: grib_to_n...

 Interpolating forecast / reference data for comparability...
Interpolating prediction model data to reference data grid because INTERPOL_TYPE is set to 'prediction_to_ref' for prediction model: monan and reference data: gfs_analysis.
monan data mapped to gfs_analysis grid:
<xarray.Dataset> Size: 8MB
Dimensions:           (Time: 1, level: 1, latitude: 721, longitude: 1440)
Coordinates:
  * Time              (Time) datetime64[ns] 8B 2026-06-13
  * level             (level) float32 4B 5e+04
  * latitude          (latitude) float32 3kB -90.0 -89.75 -89.5 ... 89.75 90.0
  * longitude         (longitude) float32 6kB 0.0 0.25 0.5 ... 359.2 359.5 359.8
Data variables:
    zgeo              (Time, level, latitude, longitude) float32 4MB ...
    surface_pressure  (Time, latitude, longitude) float32 4MB ...
Attributes:
    CDI:          Climate Data Interface version 2.5.4 (https://mpimet.mpg.de...
    Conventions:  CF-1.6
    history:      Fri Sep 04 14:16:02 2026: cdo -f nc -remapcon,/lustre/proje...
    CDO:          Climate Data Operators version 2.5.4 (https://mpimet.mpg.de...

 Calculating statistics...
Regional summary CSV saved: /lustre/projetos/monan_atm/guilherme.mendonca/MONAN-analysis/analyses/vertical_structure/results/monan_202606_to_202608/output_2026060100_to_2026063000/data/date_2026061300_time_window_120/relative_error_date_2026061300_time_window_120_summary.csv

 Plotting statistics...
Metric: relative_error
domain: global
variable: zgeo
level: 50000

 Copying config files...

 Done.

 Date:2026061400; time window: 120

 Updating analysis-specific config file...

 Initializing folder structure if not already existent...

 Reading and selecting prediction model monan data, and converting it to standard MONAN data format (var names, lat and lev ordering)...
Reading and preprocessing data from prediction model: MONAN. Selected routine: read_and_preprocess_monan_prediction_data...
MONAN dataset with selected variables and levels:
<xarray.Dataset> Size: 52MB
Dimensions:           (Time: 1, level: 1, latitude: 1801, longitude: 3601)
Coordinates:
  * Time              (Time) datetime64[ns] 8B 2026-06-14
  * level             (level) float32 4B 5e+04
  * latitude          (latitude) float32 7kB -90.0 -89.9 -89.8 ... 89.9 90.0
  * longitude         (longitude) float32 14kB 0.0 0.1 0.2 ... 359.8 359.9 360.0
Data variables:
    zgeo              (Time, level, latitude, longitude) float32 26MB ...
    surface_pressure  (Time, latitude, longitude) float32 26MB ...

 Reading and selecting reference data gfs_analysis, and converting it to standard MONAN data format (var names, lat and lev ordering)...
Reading and preprocessing reference data: GFS analysis. Selected routine: read_and_preprocess_gfs_analysis_ref_data...
GFS ref dataset in MONAN data format:
<xarray.Dataset> Size: 17MB
Dimensions:           (Time: 1, level: 1, latitude: 721, longitude: 1440)
Coordinates:
  * Time              (Time) datetime64[ns] 8B 2026-06-14
  * level             (level) float64 8B 5e+04
  * latitude          (latitude) float32 3kB -90.0 -89.75 -89.5 ... 89.75 90.0
  * longitude         (longitude) float32 6kB 0.0 0.25 0.5 ... 359.2 359.5 359.8
Data variables:
    zgeo              (Time, level, latitude, longitude) float64 8MB ...
    surface_pressure  (latitude, longitude) float64 8MB ...
Attributes:
    Conventions:  CF-1.6
    history:      2026-07-06 11:42:57 GMT by grib_to_netcdf-2.40.0: grib_to_n...

 Interpolating forecast / reference data for comparability...
Interpolating prediction model data to reference data grid because INTERPOL_TYPE is set to 'prediction_to_ref' for prediction model: monan and reference data: gfs_analysis.
monan data mapped to gfs_analysis grid:
<xarray.Dataset> Size: 8MB
Dimensions:           (Time: 1, level: 1, latitude: 721, longitude: 1440)
Coordinates:
  * Time              (Time) datetime64[ns] 8B 2026-06-14
  * level             (level) float32 4B 5e+04
  * latitude          (latitude) float32 3kB -90.0 -89.75 -89.5 ... 89.75 90.0
  * longitude         (longitude) float32 6kB 0.0 0.25 0.5 ... 359.2 359.5 359.8
Data variables:
    zgeo              (Time, level, latitude, longitude) float32 4MB ...
    surface_pressure  (Time, latitude, longitude) float32 4MB ...
Attributes:
    CDI:          Climate Data Interface version 2.5.4 (https://mpimet.mpg.de...
    Conventions:  CF-1.6
    history:      Fri Sep 04 14:16:23 2026: cdo -f nc -remapcon,/lustre/proje...
    CDO:          Climate Data Operators version 2.5.4 (https://mpimet.mpg.de...

 Calculating statistics...
Regional summary CSV saved: /lustre/projetos/monan_atm/guilherme.mendonca/MONAN-analysis/analyses/vertical_structure/results/monan_202606_to_202608/output_2026060100_to_2026063000/data/date_2026061400_time_window_120/relative_error_date_2026061400_time_window_120_summary.csv

 Plotting statistics...
Metric: relative_error
domain: global
variable: zgeo
level: 50000

 Copying config files...

 Done.

 Date:2026061500; time window: 120

 Updating analysis-specific config file...

 Initializing folder structure if not already existent...

 Reading and selecting prediction model monan data, and converting it to standard MONAN data format (var names, lat and lev ordering)...
Reading and preprocessing data from prediction model: MONAN. Selected routine: read_and_preprocess_monan_prediction_data...
MONAN dataset with selected variables and levels:
<xarray.Dataset> Size: 52MB
Dimensions:           (Time: 1, level: 1, latitude: 1801, longitude: 3601)
Coordinates:
  * Time              (Time) datetime64[ns] 8B 2026-06-15
  * level             (level) float32 4B 5e+04
  * latitude          (latitude) float32 7kB -90.0 -89.9 -89.8 ... 89.9 90.0
  * longitude         (longitude) float32 14kB 0.0 0.1 0.2 ... 359.8 359.9 360.0
Data variables:
    zgeo              (Time, level, latitude, longitude) float32 26MB ...
    surface_pressure  (Time, latitude, longitude) float32 26MB ...

 Reading and selecting reference data gfs_analysis, and converting it to standard MONAN data format (var names, lat and lev ordering)...
Reading and preprocessing reference data: GFS analysis. Selected routine: read_and_preprocess_gfs_analysis_ref_data...
GFS ref dataset in MONAN data format:
<xarray.Dataset> Size: 17MB
Dimensions:           (Time: 1, level: 1, latitude: 721, longitude: 1440)
Coordinates:
  * Time              (Time) datetime64[ns] 8B 2026-06-15
  * level             (level) float64 8B 5e+04
  * latitude          (latitude) float32 3kB -90.0 -89.75 -89.5 ... 89.75 90.0
  * longitude         (longitude) float32 6kB 0.0 0.25 0.5 ... 359.2 359.5 359.8
Data variables:
    zgeo              (Time, level, latitude, longitude) float64 8MB ...
    surface_pressure  (latitude, longitude) float64 8MB ...
Attributes:
    Conventions:  CF-1.6
    history:      2026-07-06 11:43:04 GMT by grib_to_netcdf-2.40.0: grib_to_n...

 Interpolating forecast / reference data for comparability...
Interpolating prediction model data to reference data grid because INTERPOL_TYPE is set to 'prediction_to_ref' for prediction model: monan and reference data: gfs_analysis.
monan data mapped to gfs_analysis grid:
<xarray.Dataset> Size: 8MB
Dimensions:           (Time: 1, level: 1, latitude: 721, longitude: 1440)
Coordinates:
  * Time              (Time) datetime64[ns] 8B 2026-06-15
  * level             (level) float32 4B 5e+04
  * latitude          (latitude) float32 3kB -90.0 -89.75 -89.5 ... 89.75 90.0
  * longitude         (longitude) float32 6kB 0.0 0.25 0.5 ... 359.2 359.5 359.8
Data variables:
    zgeo              (Time, level, latitude, longitude) float32 4MB ...
    surface_pressure  (Time, latitude, longitude) float32 4MB ...
Attributes:
    CDI:          Climate Data Interface version 2.5.4 (https://mpimet.mpg.de...
    Conventions:  CF-1.6
    history:      Fri Sep 04 14:16:46 2026: cdo -f nc -remapcon,/lustre/proje...
    CDO:          Climate Data Operators version 2.5.4 (https://mpimet.mpg.de...

 Calculating statistics...
Regional summary CSV saved: /lustre/projetos/monan_atm/guilherme.mendonca/MONAN-analysis/analyses/vertical_structure/results/monan_202606_to_202608/output_2026060100_to_2026063000/data/date_2026061500_time_window_120/relative_error_date_2026061500_time_window_120_summary.csv

 Plotting statistics...
Metric: relative_error
domain: global
variable: zgeo
level: 50000

 Copying config files...

 Done.

 Date:2026061600; time window: 120

 Updating analysis-specific config file...

 Initializing folder structure if not already existent...

 Reading and selecting prediction model monan data, and converting it to standard MONAN data format (var names, lat and lev ordering)...
Reading and preprocessing data from prediction model: MONAN. Selected routine: read_and_preprocess_monan_prediction_data...
MONAN dataset with selected variables and levels:
<xarray.Dataset> Size: 52MB
Dimensions:           (Time: 1, level: 1, latitude: 1801, longitude: 3601)
Coordinates:
  * Time              (Time) datetime64[ns] 8B 2026-06-16
  * level             (level) float32 4B 5e+04
  * latitude          (latitude) float32 7kB -90.0 -89.9 -89.8 ... 89.9 90.0
  * longitude         (longitude) float32 14kB 0.0 0.1 0.2 ... 359.8 359.9 360.0
Data variables:
    zgeo              (Time, level, latitude, longitude) float32 26MB ...
    surface_pressure  (Time, latitude, longitude) float32 26MB ...

 Reading and selecting reference data gfs_analysis, and converting it to standard MONAN data format (var names, lat and lev ordering)...
Reading and preprocessing reference data: GFS analysis. Selected routine: read_and_preprocess_gfs_analysis_ref_data...
GFS ref dataset in MONAN data format:
<xarray.Dataset> Size: 17MB
Dimensions:           (Time: 1, level: 1, latitude: 721, longitude: 1440)
Coordinates:
  * Time              (Time) datetime64[ns] 8B 2026-06-16
  * level             (level) float64 8B 5e+04
  * latitude          (latitude) float32 3kB -90.0 -89.75 -89.5 ... 89.75 90.0
  * longitude         (longitude) float32 6kB 0.0 0.25 0.5 ... 359.2 359.5 359.8
Data variables:
    zgeo              (Time, level, latitude, longitude) float64 8MB ...
    surface_pressure  (latitude, longitude) float64 8MB ...
Attributes:
    Conventions:  CF-1.6
    history:      2026-07-06 11:43:14 GMT by grib_to_netcdf-2.40.0: grib_to_n...

 Interpolating forecast / reference data for comparability...
Interpolating prediction model data to reference data grid because INTERPOL_TYPE is set to 'prediction_to_ref' for prediction model: monan and reference data: gfs_analysis.
monan data mapped to gfs_analysis grid:
<xarray.Dataset> Size: 8MB
Dimensions:           (Time: 1, level: 1, latitude: 721, longitude: 1440)
Coordinates:
  * Time              (Time) datetime64[ns] 8B 2026-06-16
  * level             (level) float32 4B 5e+04
  * latitude          (latitude) float32 3kB -90.0 -89.75 -89.5 ... 89.75 90.0
  * longitude         (longitude) float32 6kB 0.0 0.25 0.5 ... 359.2 359.5 359.8
Data variables:
    zgeo              (Time, level, latitude, longitude) float32 4MB ...
    surface_pressure  (Time, latitude, longitude) float32 4MB ...
Attributes:
    CDI:          Climate Data Interface version 2.5.4 (https://mpimet.mpg.de...
    Conventions:  CF-1.6
    history:      Fri Sep 04 14:17:07 2026: cdo -f nc -remapcon,/lustre/proje...
    CDO:          Climate Data Operators version 2.5.4 (https://mpimet.mpg.de...

 Calculating statistics...
Regional summary CSV saved: /lustre/projetos/monan_atm/guilherme.mendonca/MONAN-analysis/analyses/vertical_structure/results/monan_202606_to_202608/output_2026060100_to_2026063000/data/date_2026061600_time_window_120/relative_error_date_2026061600_time_window_120_summary.csv

 Plotting statistics...
Metric: relative_error
domain: global
variable: zgeo
level: 50000

 Copying config files...

 Done.

 Date:2026061700; time window: 120

 Updating analysis-specific config file...

 Initializing folder structure if not already existent...

 Reading and selecting prediction model monan data, and converting it to standard MONAN data format (var names, lat and lev ordering)...
Reading and preprocessing data from prediction model: MONAN. Selected routine: read_and_preprocess_monan_prediction_data...
MONAN dataset with selected variables and levels:
<xarray.Dataset> Size: 52MB
Dimensions:           (Time: 1, level: 1, latitude: 1801, longitude: 3601)
Coordinates:
  * Time              (Time) datetime64[ns] 8B 2026-06-17
  * level             (level) float32 4B 5e+04
  * latitude          (latitude) float32 7kB -90.0 -89.9 -89.8 ... 89.9 90.0
  * longitude         (longitude) float32 14kB 0.0 0.1 0.2 ... 359.8 359.9 360.0
Data variables:
    zgeo              (Time, level, latitude, longitude) float32 26MB ...
    surface_pressure  (Time, latitude, longitude) float32 26MB ...

 Reading and selecting reference data gfs_analysis, and converting it to standard MONAN data format (var names, lat and lev ordering)...
Reading and preprocessing reference data: GFS analysis. Selected routine: read_and_preprocess_gfs_analysis_ref_data...
GFS ref dataset in MONAN data format:
<xarray.Dataset> Size: 17MB
Dimensions:           (Time: 1, level: 1, latitude: 721, longitude: 1440)
Coordinates:
  * Time              (Time) datetime64[ns] 8B 2026-06-17
  * level             (level) float64 8B 5e+04
  * latitude          (latitude) float32 3kB -90.0 -89.75 -89.5 ... 89.75 90.0
  * longitude         (longitude) float32 6kB 0.0 0.25 0.5 ... 359.2 359.5 359.8
Data variables:
    zgeo              (Time, level, latitude, longitude) float64 8MB ...
    surface_pressure  (latitude, longitude) float64 8MB ...
Attributes:
    Conventions:  CF-1.6
    history:      2026-07-06 11:43:22 GMT by grib_to_netcdf-2.40.0: grib_to_n...

 Interpolating forecast / reference data for comparability...
Interpolating prediction model data to reference data grid because INTERPOL_TYPE is set to 'prediction_to_ref' for prediction model: monan and reference data: gfs_analysis.
monan data mapped to gfs_analysis grid:
<xarray.Dataset> Size: 8MB
Dimensions:           (Time: 1, level: 1, latitude: 721, longitude: 1440)
Coordinates:
  * Time              (Time) datetime64[ns] 8B 2026-06-17
  * level             (level) float32 4B 5e+04
  * latitude          (latitude) float32 3kB -90.0 -89.75 -89.5 ... 89.75 90.0
  * longitude         (longitude) float32 6kB 0.0 0.25 0.5 ... 359.2 359.5 359.8
Data variables:
    zgeo              (Time, level, latitude, longitude) float32 4MB ...
    surface_pressure  (Time, latitude, longitude) float32 4MB ...
Attributes:
    CDI:          Climate Data Interface version 2.5.4 (https://mpimet.mpg.de...
    Conventions:  CF-1.6
    history:      Fri Sep 04 14:17:28 2026: cdo -f nc -remapcon,/lustre/proje...
    CDO:          Climate Data Operators version 2.5.4 (https://mpimet.mpg.de...

 Calculating statistics...
Regional summary CSV saved: /lustre/projetos/monan_atm/guilherme.mendonca/MONAN-analysis/analyses/vertical_structure/results/monan_202606_to_202608/output_2026060100_to_2026063000/data/date_2026061700_time_window_120/relative_error_date_2026061700_time_window_120_summary.csv

 Plotting statistics...
Metric: relative_error
domain: global
variable: zgeo
level: 50000

 Copying config files...

 Done.

 Date:2026061800; time window: 120

 Updating analysis-specific config file...

 Initializing folder structure if not already existent...

 Reading and selecting prediction model monan data, and converting it to standard MONAN data format (var names, lat and lev ordering)...
Reading and preprocessing data from prediction model: MONAN. Selected routine: read_and_preprocess_monan_prediction_data...
MONAN dataset with selected variables and levels:
<xarray.Dataset> Size: 52MB
Dimensions:           (Time: 1, level: 1, latitude: 1801, longitude: 3601)
Coordinates:
  * Time              (Time) datetime64[ns] 8B 2026-06-18
  * level             (level) float32 4B 5e+04
  * latitude          (latitude) float32 7kB -90.0 -89.9 -89.8 ... 89.9 90.0
  * longitude         (longitude) float32 14kB 0.0 0.1 0.2 ... 359.8 359.9 360.0
Data variables:
    zgeo              (Time, level, latitude, longitude) float32 26MB ...
    surface_pressure  (Time, latitude, longitude) float32 26MB ...

 Reading and selecting reference data gfs_analysis, and converting it to standard MONAN data format (var names, lat and lev ordering)...
Reading and preprocessing reference data: GFS analysis. Selected routine: read_and_preprocess_gfs_analysis_ref_data...
GFS ref dataset in MONAN data format:
<xarray.Dataset> Size: 17MB
Dimensions:           (Time: 1, level: 1, latitude: 721, longitude: 1440)
Coordinates:
  * Time              (Time) datetime64[ns] 8B 2026-06-18
  * level             (level) float64 8B 5e+04
  * latitude          (latitude) float32 3kB -90.0 -89.75 -89.5 ... 89.75 90.0
  * longitude         (longitude) float32 6kB 0.0 0.25 0.5 ... 359.2 359.5 359.8
Data variables:
    zgeo              (Time, level, latitude, longitude) float64 8MB ...
    surface_pressure  (latitude, longitude) float64 8MB ...
Attributes:
    Conventions:  CF-1.6
    history:      2026-07-06 11:43:29 GMT by grib_to_netcdf-2.40.0: grib_to_n...

 Interpolating forecast / reference data for comparability...
Interpolating prediction model data to reference data grid because INTERPOL_TYPE is set to 'prediction_to_ref' for prediction model: monan and reference data: gfs_analysis.
monan data mapped to gfs_analysis grid:
<xarray.Dataset> Size: 8MB
Dimensions:           (Time: 1, level: 1, latitude: 721, longitude: 1440)
Coordinates:
  * Time              (Time) datetime64[ns] 8B 2026-06-18
  * level             (level) float32 4B 5e+04
  * latitude          (latitude) float32 3kB -90.0 -89.75 -89.5 ... 89.75 90.0
  * longitude         (longitude) float32 6kB 0.0 0.25 0.5 ... 359.2 359.5 359.8
Data variables:
    zgeo              (Time, level, latitude, longitude) float32 4MB ...
    surface_pressure  (Time, latitude, longitude) float32 4MB ...
Attributes:
    CDI:          Climate Data Interface version 2.5.4 (https://mpimet.mpg.de...
    Conventions:  CF-1.6
    history:      Fri Sep 04 14:17:50 2026: cdo -f nc -remapcon,/lustre/proje...
    CDO:          Climate Data Operators version 2.5.4 (https://mpimet.mpg.de...

 Calculating statistics...
Regional summary CSV saved: /lustre/projetos/monan_atm/guilherme.mendonca/MONAN-analysis/analyses/vertical_structure/results/monan_202606_to_202608/output_2026060100_to_2026063000/data/date_2026061800_time_window_120/relative_error_date_2026061800_time_window_120_summary.csv

 Plotting statistics...
Metric: relative_error
domain: global
variable: zgeo
level: 50000

 Copying config files...

 Done.

 Date:2026061900; time window: 120

 Updating analysis-specific config file...

 Initializing folder structure if not already existent...

 Reading and selecting prediction model monan data, and converting it to standard MONAN data format (var names, lat and lev ordering)...
Reading and preprocessing data from prediction model: MONAN. Selected routine: read_and_preprocess_monan_prediction_data...
MONAN dataset with selected variables and levels:
<xarray.Dataset> Size: 52MB
Dimensions:           (Time: 1, level: 1, latitude: 1801, longitude: 3601)
Coordinates:
  * Time              (Time) datetime64[ns] 8B 2026-06-19
  * level             (level) float32 4B 5e+04
  * latitude          (latitude) float32 7kB -90.0 -89.9 -89.8 ... 89.9 90.0
  * longitude         (longitude) float32 14kB 0.0 0.1 0.2 ... 359.8 359.9 360.0
Data variables:
    zgeo              (Time, level, latitude, longitude) float32 26MB ...
    surface_pressure  (Time, latitude, longitude) float32 26MB ...

 Reading and selecting reference data gfs_analysis, and converting it to standard MONAN data format (var names, lat and lev ordering)...
Reading and preprocessing reference data: GFS analysis. Selected routine: read_and_preprocess_gfs_analysis_ref_data...
GFS ref dataset in MONAN data format:
<xarray.Dataset> Size: 17MB
Dimensions:           (Time: 1, level: 1, latitude: 721, longitude: 1440)
Coordinates:
  * Time              (Time) datetime64[ns] 8B 2026-06-19
  * level             (level) float64 8B 5e+04
  * latitude          (latitude) float32 3kB -90.0 -89.75 -89.5 ... 89.75 90.0
  * longitude         (longitude) float32 6kB 0.0 0.25 0.5 ... 359.2 359.5 359.8
Data variables:
    zgeo              (Time, level, latitude, longitude) float64 8MB ...
    surface_pressure  (latitude, longitude) float64 8MB ...
Attributes:
    Conventions:  CF-1.6
    history:      2026-07-06 11:43:36 GMT by grib_to_netcdf-2.40.0: grib_to_n...

 Interpolating forecast / reference data for comparability...
Interpolating prediction model data to reference data grid because INTERPOL_TYPE is set to 'prediction_to_ref' for prediction model: monan and reference data: gfs_analysis.
monan data mapped to gfs_analysis grid:
<xarray.Dataset> Size: 8MB
Dimensions:           (Time: 1, level: 1, latitude: 721, longitude: 1440)
Coordinates:
  * Time              (Time) datetime64[ns] 8B 2026-06-19
  * level             (level) float32 4B 5e+04
  * latitude          (latitude) float32 3kB -90.0 -89.75 -89.5 ... 89.75 90.0
  * longitude         (longitude) float32 6kB 0.0 0.25 0.5 ... 359.2 359.5 359.8
Data variables:
    zgeo              (Time, level, latitude, longitude) float32 4MB ...
    surface_pressure  (Time, latitude, longitude) float32 4MB ...
Attributes:
    CDI:          Climate Data Interface version 2.5.4 (https://mpimet.mpg.de...
    Conventions:  CF-1.6
    history:      Fri Sep 04 14:18:11 2026: cdo -f nc -remapcon,/lustre/proje...
    CDO:          Climate Data Operators version 2.5.4 (https://mpimet.mpg.de...

 Calculating statistics...
Regional summary CSV saved: /lustre/projetos/monan_atm/guilherme.mendonca/MONAN-analysis/analyses/vertical_structure/results/monan_202606_to_202608/output_2026060100_to_2026063000/data/date_2026061900_time_window_120/relative_error_date_2026061900_time_window_120_summary.csv

 Plotting statistics...
Metric: relative_error
domain: global
variable: zgeo
level: 50000

 Copying config files...

 Done.

 Date:2026062000; time window: 120

 Updating analysis-specific config file...

 Initializing folder structure if not already existent...

 Reading and selecting prediction model monan data, and converting it to standard MONAN data format (var names, lat and lev ordering)...
Reading and preprocessing data from prediction model: MONAN. Selected routine: read_and_preprocess_monan_prediction_data...
MONAN dataset with selected variables and levels:
<xarray.Dataset> Size: 52MB
Dimensions:           (Time: 1, level: 1, latitude: 1801, longitude: 3601)
Coordinates:
  * Time              (Time) datetime64[ns] 8B 2026-06-20
  * level             (level) float32 4B 5e+04
  * latitude          (latitude) float32 7kB -90.0 -89.9 -89.8 ... 89.9 90.0
  * longitude         (longitude) float32 14kB 0.0 0.1 0.2 ... 359.8 359.9 360.0
Data variables:
    zgeo              (Time, level, latitude, longitude) float32 26MB ...
    surface_pressure  (Time, latitude, longitude) float32 26MB ...

 Reading and selecting reference data gfs_analysis, and converting it to standard MONAN data format (var names, lat and lev ordering)...
Reading and preprocessing reference data: GFS analysis. Selected routine: read_and_preprocess_gfs_analysis_ref_data...
GFS ref dataset in MONAN data format:
<xarray.Dataset> Size: 17MB
Dimensions:           (Time: 1, level: 1, latitude: 721, longitude: 1440)
Coordinates:
  * Time              (Time) datetime64[ns] 8B 2026-06-20
  * level             (level) float64 8B 5e+04
  * latitude          (latitude) float32 3kB -90.0 -89.75 -89.5 ... 89.75 90.0
  * longitude         (longitude) float32 6kB 0.0 0.25 0.5 ... 359.2 359.5 359.8
Data variables:
    zgeo              (Time, level, latitude, longitude) float64 8MB ...
    surface_pressure  (latitude, longitude) float64 8MB ...
Attributes:
    Conventions:  CF-1.6
    history:      2026-07-06 11:43:43 GMT by grib_to_netcdf-2.40.0: grib_to_n...

 Interpolating forecast / reference data for comparability...
Interpolating prediction model data to reference data grid because INTERPOL_TYPE is set to 'prediction_to_ref' for prediction model: monan and reference data: gfs_analysis.
monan data mapped to gfs_analysis grid:
<xarray.Dataset> Size: 8MB
Dimensions:           (Time: 1, level: 1, latitude: 721, longitude: 1440)
Coordinates:
  * Time              (Time) datetime64[ns] 8B 2026-06-20
  * level             (level) float32 4B 5e+04
  * latitude          (latitude) float32 3kB -90.0 -89.75 -89.5 ... 89.75 90.0
  * longitude         (longitude) float32 6kB 0.0 0.25 0.5 ... 359.2 359.5 359.8
Data variables:
    zgeo              (Time, level, latitude, longitude) float32 4MB ...
    surface_pressure  (Time, latitude, longitude) float32 4MB ...
Attributes:
    CDI:          Climate Data Interface version 2.5.4 (https://mpimet.mpg.de...
    Conventions:  CF-1.6
    history:      Fri Sep 04 14:18:31 2026: cdo -f nc -remapcon,/lustre/proje...
    CDO:          Climate Data Operators version 2.5.4 (https://mpimet.mpg.de...

 Calculating statistics...
Regional summary CSV saved: /lustre/projetos/monan_atm/guilherme.mendonca/MONAN-analysis/analyses/vertical_structure/results/monan_202606_to_202608/output_2026060100_to_2026063000/data/date_2026062000_time_window_120/relative_error_date_2026062000_time_window_120_summary.csv

 Plotting statistics...
Metric: relative_error
domain: global
variable: zgeo
level: 50000

 Copying config files...

 Done.

 Date:2026062100; time window: 120

 Updating analysis-specific config file...

 Initializing folder structure if not already existent...

 Reading and selecting prediction model monan data, and converting it to standard MONAN data format (var names, lat and lev ordering)...
Reading and preprocessing data from prediction model: MONAN. Selected routine: read_and_preprocess_monan_prediction_data...
MONAN dataset with selected variables and levels:
<xarray.Dataset> Size: 52MB
Dimensions:           (Time: 1, level: 1, latitude: 1801, longitude: 3601)
Coordinates:
  * Time              (Time) datetime64[ns] 8B 2026-06-21
  * level             (level) float32 4B 5e+04
  * latitude          (latitude) float32 7kB -90.0 -89.9 -89.8 ... 89.9 90.0
  * longitude         (longitude) float32 14kB 0.0 0.1 0.2 ... 359.8 359.9 360.0
Data variables:
    zgeo              (Time, level, latitude, longitude) float32 26MB ...
    surface_pressure  (Time, latitude, longitude) float32 26MB ...

 Reading and selecting reference data gfs_analysis, and converting it to standard MONAN data format (var names, lat and lev ordering)...
Reading and preprocessing reference data: GFS analysis. Selected routine: read_and_preprocess_gfs_analysis_ref_data...
GFS ref dataset in MONAN data format:
<xarray.Dataset> Size: 17MB
Dimensions:           (Time: 1, level: 1, latitude: 721, longitude: 1440)
Coordinates:
  * Time              (Time) datetime64[ns] 8B 2026-06-21
  * level             (level) float64 8B 5e+04
  * latitude          (latitude) float32 3kB -90.0 -89.75 -89.5 ... 89.75 90.0
  * longitude         (longitude) float32 6kB 0.0 0.25 0.5 ... 359.2 359.5 359.8
Data variables:
    zgeo              (Time, level, latitude, longitude) float64 8MB ...
    surface_pressure  (latitude, longitude) float64 8MB ...
Attributes:
    Conventions:  CF-1.6
    history:      2026-07-06 11:43:50 GMT by grib_to_netcdf-2.40.0: grib_to_n...

 Interpolating forecast / reference data for comparability...
Interpolating prediction model data to reference data grid because INTERPOL_TYPE is set to 'prediction_to_ref' for prediction model: monan and reference data: gfs_analysis.
monan data mapped to gfs_analysis grid:
<xarray.Dataset> Size: 8MB
Dimensions:           (Time: 1, level: 1, latitude: 721, longitude: 1440)
Coordinates:
  * Time              (Time) datetime64[ns] 8B 2026-06-21
  * level             (level) float32 4B 5e+04
  * latitude          (latitude) float32 3kB -90.0 -89.75 -89.5 ... 89.75 90.0
  * longitude         (longitude) float32 6kB 0.0 0.25 0.5 ... 359.2 359.5 359.8
Data variables:
    zgeo              (Time, level, latitude, longitude) float32 4MB ...
    surface_pressure  (Time, latitude, longitude) float32 4MB ...
Attributes:
    CDI:          Climate Data Interface version 2.5.4 (https://mpimet.mpg.de...
    Conventions:  CF-1.6
    history:      Fri Sep 04 14:18:52 2026: cdo -f nc -remapcon,/lustre/proje...
    CDO:          Climate Data Operators version 2.5.4 (https://mpimet.mpg.de...

 Calculating statistics...
Regional summary CSV saved: /lustre/projetos/monan_atm/guilherme.mendonca/MONAN-analysis/analyses/vertical_structure/results/monan_202606_to_202608/output_2026060100_to_2026063000/data/date_2026062100_time_window_120/relative_error_date_2026062100_time_window_120_summary.csv

 Plotting statistics...
Metric: relative_error
domain: global
variable: zgeo
level: 50000

 Copying config files...

 Done.

 Date:2026062200; time window: 120

 Updating analysis-specific config file...

 Initializing folder structure if not already existent...

 Reading and selecting prediction model monan data, and converting it to standard MONAN data format (var names, lat and lev ordering)...
Reading and preprocessing data from prediction model: MONAN. Selected routine: read_and_preprocess_monan_prediction_data...
MONAN dataset with selected variables and levels:
<xarray.Dataset> Size: 52MB
Dimensions:           (Time: 1, level: 1, latitude: 1801, longitude: 3601)
Coordinates:
  * Time              (Time) datetime64[ns] 8B 2026-06-22
  * level             (level) float32 4B 5e+04
  * latitude          (latitude) float32 7kB -90.0 -89.9 -89.8 ... 89.9 90.0
  * longitude         (longitude) float32 14kB 0.0 0.1 0.2 ... 359.8 359.9 360.0
Data variables:
    zgeo              (Time, level, latitude, longitude) float32 26MB ...
    surface_pressure  (Time, latitude, longitude) float32 26MB ...

 Reading and selecting reference data gfs_analysis, and converting it to standard MONAN data format (var names, lat and lev ordering)...
Reading and preprocessing reference data: GFS analysis. Selected routine: read_and_preprocess_gfs_analysis_ref_data...
GFS ref dataset in MONAN data format:
<xarray.Dataset> Size: 17MB
Dimensions:           (Time: 1, level: 1, latitude: 721, longitude: 1440)
Coordinates:
  * Time              (Time) datetime64[ns] 8B 2026-06-22
  * level             (level) float64 8B 5e+04
  * latitude          (latitude) float32 3kB -90.0 -89.75 -89.5 ... 89.75 90.0
  * longitude         (longitude) float32 6kB 0.0 0.25 0.5 ... 359.2 359.5 359.8
Data variables:
    zgeo              (Time, level, latitude, longitude) float64 8MB ...
    surface_pressure  (latitude, longitude) float64 8MB ...
Attributes:
    Conventions:  CF-1.6
    history:      2026-07-06 11:43:58 GMT by grib_to_netcdf-2.40.0: grib_to_n...

 Interpolating forecast / reference data for comparability...
Interpolating prediction model data to reference data grid because INTERPOL_TYPE is set to 'prediction_to_ref' for prediction model: monan and reference data: gfs_analysis.
monan data mapped to gfs_analysis grid:
<xarray.Dataset> Size: 8MB
Dimensions:           (Time: 1, level: 1, latitude: 721, longitude: 1440)
Coordinates:
  * Time              (Time) datetime64[ns] 8B 2026-06-22
  * level             (level) float32 4B 5e+04
  * latitude          (latitude) float32 3kB -90.0 -89.75 -89.5 ... 89.75 90.0
  * longitude         (longitude) float32 6kB 0.0 0.25 0.5 ... 359.2 359.5 359.8
Data variables:
    zgeo              (Time, level, latitude, longitude) float32 4MB ...
    surface_pressure  (Time, latitude, longitude) float32 4MB ...
Attributes:
    CDI:          Climate Data Interface version 2.5.4 (https://mpimet.mpg.de...
    Conventions:  CF-1.6
    history:      Fri Sep 04 14:19:13 2026: cdo -f nc -remapcon,/lustre/proje...
    CDO:          Climate Data Operators version 2.5.4 (https://mpimet.mpg.de...

 Calculating statistics...
Regional summary CSV saved: /lustre/projetos/monan_atm/guilherme.mendonca/MONAN-analysis/analyses/vertical_structure/results/monan_202606_to_202608/output_2026060100_to_2026063000/data/date_2026062200_time_window_120/relative_error_date_2026062200_time_window_120_summary.csv

 Plotting statistics...
Metric: relative_error
domain: global
variable: zgeo
level: 50000

 Copying config files...

 Done.

 Date:2026062300; time window: 120

 Updating analysis-specific config file...

 Initializing folder structure if not already existent...

 Reading and selecting prediction model monan data, and converting it to standard MONAN data format (var names, lat and lev ordering)...
Reading and preprocessing data from prediction model: MONAN. Selected routine: read_and_preprocess_monan_prediction_data...
MONAN dataset with selected variables and levels:
<xarray.Dataset> Size: 52MB
Dimensions:           (Time: 1, level: 1, latitude: 1801, longitude: 3601)
Coordinates:
  * Time              (Time) datetime64[ns] 8B 2026-06-23
  * level             (level) float32 4B 5e+04
  * latitude          (latitude) float32 7kB -90.0 -89.9 -89.8 ... 89.9 90.0
  * longitude         (longitude) float32 14kB 0.0 0.1 0.2 ... 359.8 359.9 360.0
Data variables:
    zgeo              (Time, level, latitude, longitude) float32 26MB ...
    surface_pressure  (Time, latitude, longitude) float32 26MB ...

 Reading and selecting reference data gfs_analysis, and converting it to standard MONAN data format (var names, lat and lev ordering)...
Reading and preprocessing reference data: GFS analysis. Selected routine: read_and_preprocess_gfs_analysis_ref_data...
GFS ref dataset in MONAN data format:
<xarray.Dataset> Size: 17MB
Dimensions:           (Time: 1, level: 1, latitude: 721, longitude: 1440)
Coordinates:
  * Time              (Time) datetime64[ns] 8B 2026-06-23
  * level             (level) float64 8B 5e+04
  * latitude          (latitude) float32 3kB -90.0 -89.75 -89.5 ... 89.75 90.0
  * longitude         (longitude) float32 6kB 0.0 0.25 0.5 ... 359.2 359.5 359.8
Data variables:
    zgeo              (Time, level, latitude, longitude) float64 8MB ...
    surface_pressure  (latitude, longitude) float64 8MB ...
Attributes:
    Conventions:  CF-1.6
    history:      2026-07-06 11:44:05 GMT by grib_to_netcdf-2.40.0: grib_to_n...

 Interpolating forecast / reference data for comparability...
Interpolating prediction model data to reference data grid because INTERPOL_TYPE is set to 'prediction_to_ref' for prediction model: monan and reference data: gfs_analysis.
monan data mapped to gfs_analysis grid:
<xarray.Dataset> Size: 8MB
Dimensions:           (Time: 1, level: 1, latitude: 721, longitude: 1440)
Coordinates:
  * Time              (Time) datetime64[ns] 8B 2026-06-23
  * level             (level) float32 4B 5e+04
  * latitude          (latitude) float32 3kB -90.0 -89.75 -89.5 ... 89.75 90.0
  * longitude         (longitude) float32 6kB 0.0 0.25 0.5 ... 359.2 359.5 359.8
Data variables:
    zgeo              (Time, level, latitude, longitude) float32 4MB ...
    surface_pressure  (Time, latitude, longitude) float32 4MB ...
Attributes:
    CDI:          Climate Data Interface version 2.5.4 (https://mpimet.mpg.de...
    Conventions:  CF-1.6
    history:      Fri Sep 04 14:19:34 2026: cdo -f nc -remapcon,/lustre/proje...
    CDO:          Climate Data Operators version 2.5.4 (https://mpimet.mpg.de...

 Calculating statistics...
Regional summary CSV saved: /lustre/projetos/monan_atm/guilherme.mendonca/MONAN-analysis/analyses/vertical_structure/results/monan_202606_to_202608/output_2026060100_to_2026063000/data/date_2026062300_time_window_120/relative_error_date_2026062300_time_window_120_summary.csv

 Plotting statistics...
Metric: relative_error
domain: global
variable: zgeo
level: 50000

 Copying config files...

 Done.

 Date:2026062400; time window: 120

 Updating analysis-specific config file...

 Initializing folder structure if not already existent...

 Reading and selecting prediction model monan data, and converting it to standard MONAN data format (var names, lat and lev ordering)...
Reading and preprocessing data from prediction model: MONAN. Selected routine: read_and_preprocess_monan_prediction_data...
MONAN dataset with selected variables and levels:
<xarray.Dataset> Size: 52MB
Dimensions:           (Time: 1, level: 1, latitude: 1801, longitude: 3601)
Coordinates:
  * Time              (Time) datetime64[ns] 8B 2026-06-24
  * level             (level) float32 4B 5e+04
  * latitude          (latitude) float32 7kB -90.0 -89.9 -89.8 ... 89.9 90.0
  * longitude         (longitude) float32 14kB 0.0 0.1 0.2 ... 359.8 359.9 360.0
Data variables:
    zgeo              (Time, level, latitude, longitude) float32 26MB ...
    surface_pressure  (Time, latitude, longitude) float32 26MB ...

 Reading and selecting reference data gfs_analysis, and converting it to standard MONAN data format (var names, lat and lev ordering)...
Reading and preprocessing reference data: GFS analysis. Selected routine: read_and_preprocess_gfs_analysis_ref_data...
GFS ref dataset in MONAN data format:
<xarray.Dataset> Size: 17MB
Dimensions:           (Time: 1, level: 1, latitude: 721, longitude: 1440)
Coordinates:
  * Time              (Time) datetime64[ns] 8B 2026-06-24
  * level             (level) float64 8B 5e+04
  * latitude          (latitude) float32 3kB -90.0 -89.75 -89.5 ... 89.75 90.0
  * longitude         (longitude) float32 6kB 0.0 0.25 0.5 ... 359.2 359.5 359.8
Data variables:
    zgeo              (Time, level, latitude, longitude) float64 8MB ...
    surface_pressure  (latitude, longitude) float64 8MB ...
Attributes:
    Conventions:  CF-1.6
    history:      2026-07-06 11:44:12 GMT by grib_to_netcdf-2.40.0: grib_to_n...

 Interpolating forecast / reference data for comparability...
Interpolating prediction model data to reference data grid because INTERPOL_TYPE is set to 'prediction_to_ref' for prediction model: monan and reference data: gfs_analysis.
monan data mapped to gfs_analysis grid:
<xarray.Dataset> Size: 8MB
Dimensions:           (Time: 1, level: 1, latitude: 721, longitude: 1440)
Coordinates:
  * Time              (Time) datetime64[ns] 8B 2026-06-24
  * level             (level) float32 4B 5e+04
  * latitude          (latitude) float32 3kB -90.0 -89.75 -89.5 ... 89.75 90.0
  * longitude         (longitude) float32 6kB 0.0 0.25 0.5 ... 359.2 359.5 359.8
Data variables:
    zgeo              (Time, level, latitude, longitude) float32 4MB ...
    surface_pressure  (Time, latitude, longitude) float32 4MB ...
Attributes:
    CDI:          Climate Data Interface version 2.5.4 (https://mpimet.mpg.de...
    Conventions:  CF-1.6
    history:      Fri Sep 04 14:19:55 2026: cdo -f nc -remapcon,/lustre/proje...
    CDO:          Climate Data Operators version 2.5.4 (https://mpimet.mpg.de...

 Calculating statistics...
Regional summary CSV saved: /lustre/projetos/monan_atm/guilherme.mendonca/MONAN-analysis/analyses/vertical_structure/results/monan_202606_to_202608/output_2026060100_to_2026063000/data/date_2026062400_time_window_120/relative_error_date_2026062400_time_window_120_summary.csv

 Plotting statistics...
Metric: relative_error
domain: global
variable: zgeo
level: 50000

 Copying config files...

 Done.

 Date:2026062500; time window: 120

 Updating analysis-specific config file...

 Initializing folder structure if not already existent...

 Reading and selecting prediction model monan data, and converting it to standard MONAN data format (var names, lat and lev ordering)...
Reading and preprocessing data from prediction model: MONAN. Selected routine: read_and_preprocess_monan_prediction_data...
MONAN dataset with selected variables and levels:
<xarray.Dataset> Size: 52MB
Dimensions:           (Time: 1, level: 1, latitude: 1801, longitude: 3601)
Coordinates:
  * Time              (Time) datetime64[ns] 8B 2026-06-25
  * level             (level) float32 4B 5e+04
  * latitude          (latitude) float32 7kB -90.0 -89.9 -89.8 ... 89.9 90.0
  * longitude         (longitude) float32 14kB 0.0 0.1 0.2 ... 359.8 359.9 360.0
Data variables:
    zgeo              (Time, level, latitude, longitude) float32 26MB ...
    surface_pressure  (Time, latitude, longitude) float32 26MB ...

 Reading and selecting reference data gfs_analysis, and converting it to standard MONAN data format (var names, lat and lev ordering)...
Reading and preprocessing reference data: GFS analysis. Selected routine: read_and_preprocess_gfs_analysis_ref_data...
GFS ref dataset in MONAN data format:
<xarray.Dataset> Size: 17MB
Dimensions:           (Time: 1, level: 1, latitude: 721, longitude: 1440)
Coordinates:
  * Time              (Time) datetime64[ns] 8B 2026-06-25
  * level             (level) float64 8B 5e+04
  * latitude          (latitude) float32 3kB -90.0 -89.75 -89.5 ... 89.75 90.0
  * longitude         (longitude) float32 6kB 0.0 0.25 0.5 ... 359.2 359.5 359.8
Data variables:
    zgeo              (Time, level, latitude, longitude) float64 8MB ...
    surface_pressure  (latitude, longitude) float64 8MB ...
Attributes:
    Conventions:  CF-1.6
    history:      2026-07-06 11:44:19 GMT by grib_to_netcdf-2.40.0: grib_to_n...

 Interpolating forecast / reference data for comparability...
Interpolating prediction model data to reference data grid because INTERPOL_TYPE is set to 'prediction_to_ref' for prediction model: monan and reference data: gfs_analysis.
monan data mapped to gfs_analysis grid:
<xarray.Dataset> Size: 8MB
Dimensions:           (Time: 1, level: 1, latitude: 721, longitude: 1440)
Coordinates:
  * Time              (Time) datetime64[ns] 8B 2026-06-25
  * level             (level) float32 4B 5e+04
  * latitude          (latitude) float32 3kB -90.0 -89.75 -89.5 ... 89.75 90.0
  * longitude         (longitude) float32 6kB 0.0 0.25 0.5 ... 359.2 359.5 359.8
Data variables:
    zgeo              (Time, level, latitude, longitude) float32 4MB ...
    surface_pressure  (Time, latitude, longitude) float32 4MB ...
Attributes:
    CDI:          Climate Data Interface version 2.5.4 (https://mpimet.mpg.de...
    Conventions:  CF-1.6
    history:      Fri Sep 04 14:20:16 2026: cdo -f nc -remapcon,/lustre/proje...
    CDO:          Climate Data Operators version 2.5.4 (https://mpimet.mpg.de...

 Calculating statistics...
Regional summary CSV saved: /lustre/projetos/monan_atm/guilherme.mendonca/MONAN-analysis/analyses/vertical_structure/results/monan_202606_to_202608/output_2026060100_to_2026063000/data/date_2026062500_time_window_120/relative_error_date_2026062500_time_window_120_summary.csv

 Plotting statistics...
Metric: relative_error
domain: global
variable: zgeo
level: 50000

 Copying config files...

 Done.

 Date:2026062600; time window: 120

 Updating analysis-specific config file...

 Initializing folder structure if not already existent...

 Reading and selecting prediction model monan data, and converting it to standard MONAN data format (var names, lat and lev ordering)...
Reading and preprocessing data from prediction model: MONAN. Selected routine: read_and_preprocess_monan_prediction_data...
MONAN dataset with selected variables and levels:
<xarray.Dataset> Size: 52MB
Dimensions:           (Time: 1, level: 1, latitude: 1801, longitude: 3601)
Coordinates:
  * Time              (Time) datetime64[ns] 8B 2026-06-26
  * level             (level) float32 4B 5e+04
  * latitude          (latitude) float32 7kB -90.0 -89.9 -89.8 ... 89.9 90.0
  * longitude         (longitude) float32 14kB 0.0 0.1 0.2 ... 359.8 359.9 360.0
Data variables:
    zgeo              (Time, level, latitude, longitude) float32 26MB ...
    surface_pressure  (Time, latitude, longitude) float32 26MB ...

 Reading and selecting reference data gfs_analysis, and converting it to standard MONAN data format (var names, lat and lev ordering)...
Reading and preprocessing reference data: GFS analysis. Selected routine: read_and_preprocess_gfs_analysis_ref_data...
GFS ref dataset in MONAN data format:
<xarray.Dataset> Size: 17MB
Dimensions:           (Time: 1, level: 1, latitude: 721, longitude: 1440)
Coordinates:
  * Time              (Time) datetime64[ns] 8B 2026-06-26
  * level             (level) float64 8B 5e+04
  * latitude          (latitude) float32 3kB -90.0 -89.75 -89.5 ... 89.75 90.0
  * longitude         (longitude) float32 6kB 0.0 0.25 0.5 ... 359.2 359.5 359.8
Data variables:
    zgeo              (Time, level, latitude, longitude) float64 8MB ...
    surface_pressure  (latitude, longitude) float64 8MB ...
Attributes:
    Conventions:  CF-1.6
    history:      2026-07-06 11:44:27 GMT by grib_to_netcdf-2.40.0: grib_to_n...

 Interpolating forecast / reference data for comparability...
Interpolating prediction model data to reference data grid because INTERPOL_TYPE is set to 'prediction_to_ref' for prediction model: monan and reference data: gfs_analysis.
monan data mapped to gfs_analysis grid:
<xarray.Dataset> Size: 8MB
Dimensions:           (Time: 1, level: 1, latitude: 721, longitude: 1440)
Coordinates:
  * Time              (Time) datetime64[ns] 8B 2026-06-26
  * level             (level) float32 4B 5e+04
  * latitude          (latitude) float32 3kB -90.0 -89.75 -89.5 ... 89.75 90.0
  * longitude         (longitude) float32 6kB 0.0 0.25 0.5 ... 359.2 359.5 359.8
Data variables:
    zgeo              (Time, level, latitude, longitude) float32 4MB ...
    surface_pressure  (Time, latitude, longitude) float32 4MB ...
Attributes:
    CDI:          Climate Data Interface version 2.5.4 (https://mpimet.mpg.de...
    Conventions:  CF-1.6
    history:      Fri Sep 04 14:20:37 2026: cdo -f nc -remapcon,/lustre/proje...
    CDO:          Climate Data Operators version 2.5.4 (https://mpimet.mpg.de...

 Calculating statistics...
Regional summary CSV saved: /lustre/projetos/monan_atm/guilherme.mendonca/MONAN-analysis/analyses/vertical_structure/results/monan_202606_to_202608/output_2026060100_to_2026063000/data/date_2026062600_time_window_120/relative_error_date_2026062600_time_window_120_summary.csv

 Plotting statistics...
Metric: relative_error
domain: global
variable: zgeo
level: 50000

 Copying config files...

 Done.

 Date:2026062700; time window: 120

 Updating analysis-specific config file...

 Initializing folder structure if not already existent...

 Reading and selecting prediction model monan data, and converting it to standard MONAN data format (var names, lat and lev ordering)...
Reading and preprocessing data from prediction model: MONAN. Selected routine: read_and_preprocess_monan_prediction_data...
MONAN dataset with selected variables and levels:
<xarray.Dataset> Size: 52MB
Dimensions:           (Time: 1, level: 1, latitude: 1801, longitude: 3601)
Coordinates:
  * Time              (Time) datetime64[ns] 8B 2026-06-27
  * level             (level) float32 4B 5e+04
  * latitude          (latitude) float32 7kB -90.0 -89.9 -89.8 ... 89.9 90.0
  * longitude         (longitude) float32 14kB 0.0 0.1 0.2 ... 359.8 359.9 360.0
Data variables:
    zgeo              (Time, level, latitude, longitude) float32 26MB ...
    surface_pressure  (Time, latitude, longitude) float32 26MB ...

 Reading and selecting reference data gfs_analysis, and converting it to standard MONAN data format (var names, lat and lev ordering)...
Reading and preprocessing reference data: GFS analysis. Selected routine: read_and_preprocess_gfs_analysis_ref_data...
GFS ref dataset in MONAN data format:
<xarray.Dataset> Size: 17MB
Dimensions:           (Time: 1, level: 1, latitude: 721, longitude: 1440)
Coordinates:
  * Time              (Time) datetime64[ns] 8B 2026-06-27
  * level             (level) float64 8B 5e+04
  * latitude          (latitude) float32 3kB -90.0 -89.75 -89.5 ... 89.75 90.0
  * longitude         (longitude) float32 6kB 0.0 0.25 0.5 ... 359.2 359.5 359.8
Data variables:
    zgeo              (Time, level, latitude, longitude) float64 8MB ...
    surface_pressure  (latitude, longitude) float64 8MB ...
Attributes:
    Conventions:  CF-1.6
    history:      2026-07-06 11:44:34 GMT by grib_to_netcdf-2.40.0: grib_to_n...

 Interpolating forecast / reference data for comparability...
Interpolating prediction model data to reference data grid because INTERPOL_TYPE is set to 'prediction_to_ref' for prediction model: monan and reference data: gfs_analysis.
monan data mapped to gfs_analysis grid:
<xarray.Dataset> Size: 8MB
Dimensions:           (Time: 1, level: 1, latitude: 721, longitude: 1440)
Coordinates:
  * Time              (Time) datetime64[ns] 8B 2026-06-27
  * level             (level) float32 4B 5e+04
  * latitude          (latitude) float32 3kB -90.0 -89.75 -89.5 ... 89.75 90.0
  * longitude         (longitude) float32 6kB 0.0 0.25 0.5 ... 359.2 359.5 359.8
Data variables:
    zgeo              (Time, level, latitude, longitude) float32 4MB ...
    surface_pressure  (Time, latitude, longitude) float32 4MB ...
Attributes:
    CDI:          Climate Data Interface version 2.5.4 (https://mpimet.mpg.de...
    Conventions:  CF-1.6
    history:      Fri Sep 04 14:20:58 2026: cdo -f nc -remapcon,/lustre/proje...
    CDO:          Climate Data Operators version 2.5.4 (https://mpimet.mpg.de...

 Calculating statistics...
Regional summary CSV saved: /lustre/projetos/monan_atm/guilherme.mendonca/MONAN-analysis/analyses/vertical_structure/results/monan_202606_to_202608/output_2026060100_to_2026063000/data/date_2026062700_time_window_120/relative_error_date_2026062700_time_window_120_summary.csv

 Plotting statistics...
Metric: relative_error
domain: global
variable: zgeo
level: 50000

 Copying config files...

 Done.

 Date:2026062800; time window: 120

 Updating analysis-specific config file...

 Initializing folder structure if not already existent...

 Reading and selecting prediction model monan data, and converting it to standard MONAN data format (var names, lat and lev ordering)...
Reading and preprocessing data from prediction model: MONAN. Selected routine: read_and_preprocess_monan_prediction_data...
MONAN dataset with selected variables and levels:
<xarray.Dataset> Size: 52MB
Dimensions:           (Time: 1, level: 1, latitude: 1801, longitude: 3601)
Coordinates:
  * Time              (Time) datetime64[ns] 8B 2026-06-28
  * level             (level) float32 4B 5e+04
  * latitude          (latitude) float32 7kB -90.0 -89.9 -89.8 ... 89.9 90.0
  * longitude         (longitude) float32 14kB 0.0 0.1 0.2 ... 359.8 359.9 360.0
Data variables:
    zgeo              (Time, level, latitude, longitude) float32 26MB ...
    surface_pressure  (Time, latitude, longitude) float32 26MB ...

 Reading and selecting reference data gfs_analysis, and converting it to standard MONAN data format (var names, lat and lev ordering)...
Reading and preprocessing reference data: GFS analysis. Selected routine: read_and_preprocess_gfs_analysis_ref_data...
GFS ref dataset in MONAN data format:
<xarray.Dataset> Size: 17MB
Dimensions:           (Time: 1, level: 1, latitude: 721, longitude: 1440)
Coordinates:
  * Time              (Time) datetime64[ns] 8B 2026-06-28
  * level             (level) float64 8B 5e+04
  * latitude          (latitude) float32 3kB -90.0 -89.75 -89.5 ... 89.75 90.0
  * longitude         (longitude) float32 6kB 0.0 0.25 0.5 ... 359.2 359.5 359.8
Data variables:
    zgeo              (Time, level, latitude, longitude) float64 8MB ...
    surface_pressure  (latitude, longitude) float64 8MB ...
Attributes:
    Conventions:  CF-1.6
    history:      2026-07-06 11:44:41 GMT by grib_to_netcdf-2.40.0: grib_to_n...

 Interpolating forecast / reference data for comparability...
Interpolating prediction model data to reference data grid because INTERPOL_TYPE is set to 'prediction_to_ref' for prediction model: monan and reference data: gfs_analysis.
monan data mapped to gfs_analysis grid:
<xarray.Dataset> Size: 8MB
Dimensions:           (Time: 1, level: 1, latitude: 721, longitude: 1440)
Coordinates:
  * Time              (Time) datetime64[ns] 8B 2026-06-28
  * level             (level) float32 4B 5e+04
  * latitude          (latitude) float32 3kB -90.0 -89.75 -89.5 ... 89.75 90.0
  * longitude         (longitude) float32 6kB 0.0 0.25 0.5 ... 359.2 359.5 359.8
Data variables:
    zgeo              (Time, level, latitude, longitude) float32 4MB ...
    surface_pressure  (Time, latitude, longitude) float32 4MB ...
Attributes:
    CDI:          Climate Data Interface version 2.5.4 (https://mpimet.mpg.de...
    Conventions:  CF-1.6
    history:      Fri Sep 04 14:21:19 2026: cdo -f nc -remapcon,/lustre/proje...
    CDO:          Climate Data Operators version 2.5.4 (https://mpimet.mpg.de...

 Calculating statistics...
Regional summary CSV saved: /lustre/projetos/monan_atm/guilherme.mendonca/MONAN-analysis/analyses/vertical_structure/results/monan_202606_to_202608/output_2026060100_to_2026063000/data/date_2026062800_time_window_120/relative_error_date_2026062800_time_window_120_summary.csv

 Plotting statistics...
Metric: relative_error
domain: global
variable: zgeo
level: 50000

 Copying config files...

 Done.

 Date:2026062900; time window: 120

 Updating analysis-specific config file...

 Initializing folder structure if not already existent...

 Reading and selecting prediction model monan data, and converting it to standard MONAN data format (var names, lat and lev ordering)...
Reading and preprocessing data from prediction model: MONAN. Selected routine: read_and_preprocess_monan_prediction_data...
MONAN dataset with selected variables and levels:
<xarray.Dataset> Size: 52MB
Dimensions:           (Time: 1, level: 1, latitude: 1801, longitude: 3601)
Coordinates:
  * Time              (Time) datetime64[ns] 8B 2026-06-29
  * level             (level) float32 4B 5e+04
  * latitude          (latitude) float32 7kB -90.0 -89.9 -89.8 ... 89.9 90.0
  * longitude         (longitude) float32 14kB 0.0 0.1 0.2 ... 359.8 359.9 360.0
Data variables:
    zgeo              (Time, level, latitude, longitude) float32 26MB ...
    surface_pressure  (Time, latitude, longitude) float32 26MB ...

 Reading and selecting reference data gfs_analysis, and converting it to standard MONAN data format (var names, lat and lev ordering)...
Reading and preprocessing reference data: GFS analysis. Selected routine: read_and_preprocess_gfs_analysis_ref_data...
GFS ref dataset in MONAN data format:
<xarray.Dataset> Size: 17MB
Dimensions:           (Time: 1, level: 1, latitude: 721, longitude: 1440)
Coordinates:
  * Time              (Time) datetime64[ns] 8B 2026-06-29
  * level             (level) float64 8B 5e+04
  * latitude          (latitude) float32 3kB -90.0 -89.75 -89.5 ... 89.75 90.0
  * longitude         (longitude) float32 6kB 0.0 0.25 0.5 ... 359.2 359.5 359.8
Data variables:
    zgeo              (Time, level, latitude, longitude) float64 8MB ...
    surface_pressure  (latitude, longitude) float64 8MB ...
Attributes:
    Conventions:  CF-1.6
    history:      2026-07-06 11:44:48 GMT by grib_to_netcdf-2.40.0: grib_to_n...

 Interpolating forecast / reference data for comparability...
Interpolating prediction model data to reference data grid because INTERPOL_TYPE is set to 'prediction_to_ref' for prediction model: monan and reference data: gfs_analysis.
monan data mapped to gfs_analysis grid:
<xarray.Dataset> Size: 8MB
Dimensions:           (Time: 1, level: 1, latitude: 721, longitude: 1440)
Coordinates:
  * Time              (Time) datetime64[ns] 8B 2026-06-29
  * level             (level) float32 4B 5e+04
  * latitude          (latitude) float32 3kB -90.0 -89.75 -89.5 ... 89.75 90.0
  * longitude         (longitude) float32 6kB 0.0 0.25 0.5 ... 359.2 359.5 359.8
Data variables:
    zgeo              (Time, level, latitude, longitude) float32 4MB ...
    surface_pressure  (Time, latitude, longitude) float32 4MB ...
Attributes:
    CDI:          Climate Data Interface version 2.5.4 (https://mpimet.mpg.de...
    Conventions:  CF-1.6
    history:      Fri Sep 04 14:21:39 2026: cdo -f nc -remapcon,/lustre/proje...
    CDO:          Climate Data Operators version 2.5.4 (https://mpimet.mpg.de...

 Calculating statistics...
Regional summary CSV saved: /lustre/projetos/monan_atm/guilherme.mendonca/MONAN-analysis/analyses/vertical_structure/results/monan_202606_to_202608/output_2026060100_to_2026063000/data/date_2026062900_time_window_120/relative_error_date_2026062900_time_window_120_summary.csv

 Plotting statistics...
Metric: relative_error
domain: global
variable: zgeo
level: 50000

 Copying config files...

 Done.

 Date:2026063000; time window: 120

 Updating analysis-specific config file...

 Initializing folder structure if not already existent...

 Reading and selecting prediction model monan data, and converting it to standard MONAN data format (var names, lat and lev ordering)...
Reading and preprocessing data from prediction model: MONAN. Selected routine: read_and_preprocess_monan_prediction_data...
MONAN dataset with selected variables and levels:
<xarray.Dataset> Size: 52MB
Dimensions:           (Time: 1, level: 1, latitude: 1801, longitude: 3601)
Coordinates:
  * Time              (Time) datetime64[ns] 8B 2026-06-30
  * level             (level) float32 4B 5e+04
  * latitude          (latitude) float32 7kB -90.0 -89.9 -89.8 ... 89.9 90.0
  * longitude         (longitude) float32 14kB 0.0 0.1 0.2 ... 359.8 359.9 360.0
Data variables:
    zgeo              (Time, level, latitude, longitude) float32 26MB ...
    surface_pressure  (Time, latitude, longitude) float32 26MB ...

 Reading and selecting reference data gfs_analysis, and converting it to standard MONAN data format (var names, lat and lev ordering)...
Reading and preprocessing reference data: GFS analysis. Selected routine: read_and_preprocess_gfs_analysis_ref_data...
GFS ref dataset in MONAN data format:
<xarray.Dataset> Size: 17MB
Dimensions:           (Time: 1, level: 1, latitude: 721, longitude: 1440)
Coordinates:
  * Time              (Time) datetime64[ns] 8B 2026-06-30
  * level             (level) float64 8B 5e+04
  * latitude          (latitude) float32 3kB -90.0 -89.75 -89.5 ... 89.75 90.0
  * longitude         (longitude) float32 6kB 0.0 0.25 0.5 ... 359.2 359.5 359.8
Data variables:
    zgeo              (Time, level, latitude, longitude) float64 8MB ...
    surface_pressure  (latitude, longitude) float64 8MB ...
Attributes:
    Conventions:  CF-1.6
    history:      2026-07-06 11:44:56 GMT by grib_to_netcdf-2.40.0: grib_to_n...

 Interpolating forecast / reference data for comparability...
Interpolating prediction model data to reference data grid because INTERPOL_TYPE is set to 'prediction_to_ref' for prediction model: monan and reference data: gfs_analysis.
monan data mapped to gfs_analysis grid:
<xarray.Dataset> Size: 8MB
Dimensions:           (Time: 1, level: 1, latitude: 721, longitude: 1440)
Coordinates:
  * Time              (Time) datetime64[ns] 8B 2026-06-30
  * level             (level) float32 4B 5e+04
  * latitude          (latitude) float32 3kB -90.0 -89.75 -89.5 ... 89.75 90.0
  * longitude         (longitude) float32 6kB 0.0 0.25 0.5 ... 359.2 359.5 359.8
Data variables:
    zgeo              (Time, level, latitude, longitude) float32 4MB ...
    surface_pressure  (Time, latitude, longitude) float32 4MB ...
Attributes:
    CDI:          Climate Data Interface version 2.5.4 (https://mpimet.mpg.de...
    Conventions:  CF-1.6
    history:      Fri Sep 04 14:22:01 2026: cdo -f nc -remapcon,/lustre/proje...
    CDO:          Climate Data Operators version 2.5.4 (https://mpimet.mpg.de...

 Calculating statistics...
Regional summary CSV saved: /lustre/projetos/monan_atm/guilherme.mendonca/MONAN-analysis/analyses/vertical_structure/results/monan_202606_to_202608/output_2026060100_to_2026063000/data/date_2026063000_time_window_120/relative_error_date_2026063000_time_window_120_summary.csv

 Plotting statistics...
Metric: relative_error
domain: global
variable: zgeo
level: 50000

 Copying config files...

 Done.

 --------------------------------------------------------------------------

 ==========================================================================

 Concatenating resulting datasets to prepare for calculations...

 Time window: 120

 Stats datasets... 120
Regional summary CSV saved: /lustre/projetos/monan_atm/guilherme.mendonca/MONAN-analysis/analyses/vertical_structure/results/monan_202606_to_202608/output_2026060100_to_2026063000/data/date_multiple_time_window_120/relative_error_daily_summary_date_from_2026060100_to_2026063000_time_window_120.csv

 Vars datasets... 120
Concatenating variable datasets for time window 120
Done concatenating variable datasets for time window 120

 Calculating mean metrics across all dates for each time window...

 Time window: 120
Regional summary CSV saved: /lustre/projetos/monan_atm/guilherme.mendonca/MONAN-analysis/analyses/vertical_structure/results/monan_202606_to_202608/output_2026060100_to_2026063000/data/date_multiple_time_window_120/mean_relative_error_date_from_2026060100_to_2026063000_time_window_120_summary.csv
Regional summary CSV saved: /lustre/projetos/monan_atm/guilherme.mendonca/MONAN-analysis/analyses/vertical_structure/results/monan_202606_to_202608/output_2026060100_to_2026063000/data/date_multiple_time_window_120/rmse_date_from_2026060100_to_2026063000_time_window_120_summary.csv
Regional summary CSV saved: /lustre/projetos/monan_atm/guilherme.mendonca/MONAN-analysis/analyses/vertical_structure/results/monan_202606_to_202608/output_2026060100_to_2026063000/data/date_multiple_time_window_120/anomaly_correlation_coefficient_date_from_2026060100_to_2026063000_time_window_120_summary.csv
Regional summary CSV saved: /lustre/projetos/monan_atm/guilherme.mendonca/MONAN-analysis/analyses/vertical_structure/results/monan_202606_to_202608/output_2026060100_to_2026063000/data/date_multiple_time_window_120/anomaly_correlation_coefficient_standard_date_from_2026060100_to_2026063000_time_window_120_summary.csv

 Plotting mean metrics across all dates for each time window...

 Time window: 120
domain: global
variable: zgeo
level: 50000
domain: global
variable: zgeo
level: 50000
domain: global
variable: zgeo
level: 50000

 ==========================================================================

 Done. Total execution time: 640.07 seconds
Traceback (most recent call last):
  File "/p/projetos/monan_atm/guilherme.mendonca/MONAN-analysis/analyses/vertical_structure/multiple_run.py", line 10, in <module>
    import monan_analysis.utils as utils
ModuleNotFoundError: No module named 'monan_analysis'
stty: 'standard input': Inappropriate ioctl for device
stty: 'standard input': Inappropriate ioctl for device
/home2/guilherme.mendonca/.profile: line 44: mesg: command not found
cdo    remapcon: YAC first order conservative weights from lonlat (3601x1801) to lonlat (1440x721) grid
stty: 'standard input': Inappropriate ioctl for device
/home2/guilherme.mendonca/.profile: line 44: mesg: command not found
cdo    remapcon: YAC first order conservative weights from lonlat (3601x1801) to lonlat (1440x721) grid
stty: 'standard input': Inappropriate ioctl for device
/home2/guilherme.mendonca/.profile: line 44: mesg: command not found
cdo    remapcon: YAC first order conservative weights from lonlat (3601x1801) to lonlat (1440x721) grid
stty: 'standard input': Inappropriate ioctl for device
/home2/guilherme.mendonca/.profile: line 44: mesg: command not found
cdo    remapcon: YAC first order conservative weights from lonlat (3601x1801) to lonlat (1440x721) grid
stty: 'standard input': Inappropriate ioctl for device
/home2/guilherme.mendonca/.profile: line 44: mesg: command not found
cdo    remapcon: YAC first order conservative weights from lonlat (3601x1801) to lonlat (1440x721) grid
stty: 'standard input': Inappropriate ioctl for device
/home2/guilherme.mendonca/.profile: line 44: mesg: command not found
cdo    remapcon: YAC first order conservative weights from lonlat (3601x1801) to lonlat (1440x721) grid
stty: 'standard input': Inappropriate ioctl for device
/home2/guilherme.mendonca/.profile: line 44: mesg: command not found
cdo    remapcon: YAC first order conservative weights from lonlat (3601x1801) to lonlat (1440x721) grid
stty: 'standard input': Inappropriate ioctl for device
/home2/guilherme.mendonca/.profile: line 44: mesg: command not found
cdo    remapcon: YAC first order conservative weights from lonlat (3601x1801) to lonlat (1440x721) grid
stty: 'standard input': Inappropriate ioctl for device
/home2/guilherme.mendonca/.profile: line 44: mesg: command not found
cdo    remapcon: YAC first order conservative weights from lonlat (3601x1801) to lonlat (1440x721) grid
stty: 'standard input': Inappropriate ioctl for device
/home2/guilherme.mendonca/.profile: line 44: mesg: command not found
cdo    remapcon: YAC first order conservative weights from lonlat (3601x1801) to lonlat (1440x721) grid
stty: 'standard input': Inappropriate ioctl for device
/home2/guilherme.mendonca/.profile: line 44: mesg: command not found
cdo    remapcon: YAC first order conservative weights from lonlat (3601x1801) to lonlat (1440x721) grid
stty: 'standard input': Inappropriate ioctl for device
/home2/guilherme.mendonca/.profile: line 44: mesg: command not found
cdo    remapcon: YAC first order conservative weights from lonlat (3601x1801) to lonlat (1440x721) grid
stty: 'standard input': Inappropriate ioctl for device
/home2/guilherme.mendonca/.profile: line 44: mesg: command not found
cdo    remapcon: YAC first order conservative weights from lonlat (3601x1801) to lonlat (1440x721) grid
stty: 'standard input': Inappropriate ioctl for device
/home2/guilherme.mendonca/.profile: line 44: mesg: command not found
cdo    remapcon: YAC first order conservative weights from lonlat (3601x1801) to lonlat (1440x721) grid
stty: 'standard input': Inappropriate ioctl for device
/home2/guilherme.mendonca/.profile: line 44: mesg: command not found
cdo    remapcon: YAC first order conservative weights from lonlat (3601x1801) to lonlat (1440x721) grid
stty: 'standard input': Inappropriate ioctl for device
/home2/guilherme.mendonca/.profile: line 44: mesg: command not found
cdo    remapcon: YAC first order conservative weights from lonlat (3601x1801) to lonlat (1440x721) grid
stty: 'standard input': Inappropriate ioctl for device
/home2/guilherme.mendonca/.profile: line 44: mesg: command not found
cdo    remapcon: YAC first order conservative weights from lonlat (3601x1801) to lonlat (1440x721) grid
stty: 'standard input': Inappropriate ioctl for device
/home2/guilherme.mendonca/.profile: line 44: mesg: command not found
cdo    remapcon: YAC first order conservative weights from lonlat (3601x1801) to lonlat (1440x721) grid
stty: 'standard input': Inappropriate ioctl for device
/home2/guilherme.mendonca/.profile: line 44: mesg: command not found
cdo    remapcon: YAC first order conservative weights from lonlat (3601x1801) to lonlat (1440x721) grid
stty: 'standard input': Inappropriate ioctl for device
/home2/guilherme.mendonca/.profile: line 44: mesg: command not found
cdo    remapcon: YAC first order conservative weights from lonlat (3601x1801) to lonlat (1440x721) grid
stty: 'standard input': Inappropriate ioctl for device
/home2/guilherme.mendonca/.profile: line 44: mesg: command not found
cdo    remapcon: YAC first order conservative weights from lonlat (3601x1801) to lonlat (1440x721) grid
stty: 'standard input': Inappropriate ioctl for device
/home2/guilherme.mendonca/.profile: line 44: mesg: command not found
cdo    remapcon: YAC first order conservative weights from lonlat (3601x1801) to lonlat (1440x721) grid
stty: 'standard input': Inappropriate ioctl for device
/home2/guilherme.mendonca/.profile: line 44: mesg: command not found
cdo    remapcon: YAC first order conservative weights from lonlat (3601x1801) to lonlat (1440x721) grid
stty: 'standard input': Inappropriate ioctl for device
/home2/guilherme.mendonca/.profile: line 44: mesg: command not found
cdo    remapcon: YAC first order conservative weights from lonlat (3601x1801) to lonlat (1440x721) grid
stty: 'standard input': Inappropriate ioctl for device
/home2/guilherme.mendonca/.profile: line 44: mesg: command not found
cdo    remapcon: YAC first order conservative weights from lonlat (3601x1801) to lonlat (1440x721) grid
stty: 'standard input': Inappropriate ioctl for device
/home2/guilherme.mendonca/.profile: line 44: mesg: command not found
cdo    remapcon: YAC first order conservative weights from lonlat (3601x1801) to lonlat (1440x721) grid
stty: 'standard input': Inappropriate ioctl for device
/home2/guilherme.mendonca/.profile: line 44: mesg: command not found
cdo    remapcon: YAC first order conservative weights from lonlat (3601x1801) to lonlat (1440x721) grid
stty: 'standard input': Inappropriate ioctl for device
/home2/guilherme.mendonca/.profile: line 44: mesg: command not found
cdo    remapcon: YAC first order conservative weights from lonlat (3601x1801) to lonlat (1440x721) grid
stty: 'standard input': Inappropriate ioctl for device
/home2/guilherme.mendonca/.profile: line 44: mesg: command not found
cdo    remapcon: YAC first order conservative weights from lonlat (3601x1801) to lonlat (1440x721) grid
stty: 'standard input': Inappropriate ioctl for device
/home2/guilherme.mendonca/.profile: line 44: mesg: command not found
cdo    remapcon: YAC first order conservative weights from lonlat (3601x1801) to lonlat (1440x721) grid
stty: 'standard input': Inappropriate ioctl for device
/home2/guilherme.mendonca/.profile: line 44: mesg: command not found
cdo    remapcon: YAC first order conservative weights from lonlat (3601x1801) to lonlat (1440x721) grid
